GN,Promax,Código SAP,Rede Código,CNPJ,Inplant,Rede,CDD,EG DV,Nome,UNB,PDV,Segunda,Terça,Quarta,Quinta,Sexta,Sábado,LAT,LONG
Pedro,84,10006379,806,63960022331,Maria Carolina Melo Veloso,Sam´S Clube,GAM,676160,Sams Aguas Claras,39,84,0,1,0,0,0,0,-15.8332437,-48.0407443
Pedro,85,10009401,806,63960015718,Maria Carolina Melo Veloso,Sam´S Clube,GAM,662151,Sams Asa Norte,39,85,0,1,0,0,0,0,-15.7336188,-47.9010516
Pedro,88,10011307,2,47508411152177,Maria Carolina Melo Veloso,Cia Bras.Distrib.,GAM,666530,Cd-Df - Grupo Pao De,39,88,1,1,1,1,1,1,-15.7885184,-47.9785035
Pedro,4020,10012444,2,47508411079666,Maria Carolina Melo Veloso,Cia Bras.Distrib.,GAM,229253,1602 - Pa Guara,39,4020,0,0,0,0,1,0,-15.81639,-47.98118
Pedro,12841,10013631,2,47508411013304,Maria Carolina Melo Veloso,Cia Bras.Distrib.,GAM,229466,310 - PA 516 Sul,39,12841,0,0,0,1,0,0,-15.8284021,-47.9276154
Pedro,13150,10019841,2,47508411013134,Maria Carolina Melo Veloso,Cia Bras.Distrib.,GAM,229431,304 - PA Lago Sul,39,13150,0,0,0,0,1,0,-15.84578,-47.89421
Pedro,20449,10024618,2,47508411093308,Maria Carolina Melo Veloso,Cia Bras.Distrib.,GAM,317071,1218 - PA 304 Sul,39,20449,0,0,0,0,1,0,-15.80694,-47.89825
Pedro,20713,10008473,2,47508411093499,Maria Carolina Melo Veloso,Cia Bras.Distrib.,GAM,683655,1219 - PA 308 Sul,39,20713,0,0,0,1,0,0,-15.81456,-47.90769
Pedro,21282,10008375,2,47508411095009,Maria Carolina Melo Veloso,Cia Bras.Distrib.,GAM,683663,1230 - PA Lago Norte,39,21282,0,0,0,1,0,0,-15.7237867,-47.8868396
Pedro,23760,10024619,2,47508411094894,Maria Carolina Melo Veloso,Cia Bras.Distrib.,GAM,372161,1228 - PA 406 Sul,39,23760,0,0,0,0,1,0,-15.81983,-47.89455
Pedro,23761,10021606,2,47508411094975,Maria Carolina Melo Veloso,Cia Bras.Distrib.,GAM,372153,1229 - PA 404 Norte,39,23761,0,0,0,1,0,0,-15.7727484,-47.8751746
Pedro,25621,10021605,2,47508411103559,Maria Carolina Melo Veloso,Cia Bras.Distrib.,GAM,372145,1233 - PA 508 Norte,39,25621,0,0,0,0,1,0,-15.76344,-47.89094
Pedro,30220,10007237,2,47508411022710,Maria Carolina Melo Veloso,Cia Bras.Distrib.,GAM,491055,1296 - PA Sudoeste,39,30220,0,0,0,1,0,0,-15.79601,-47.93062
Pedro,33100,10005268,806,63960004430,Maria Carolina Melo Veloso,Sam´S Clube,GAM,579068,Sam S - Sia,39,33100,0,1,0,0,0,0,-15.7887651,-47.9461336
Pedro,44198,10023424,2,47508411061880,Maria Carolina Melo Veloso,Cia Bras.Distrib.,GAM,772330,2372 - PA Aguas Claras,39,44198,0,0,0,1,0,0,-15.84204,-48.02304
Pedro,49,10017422,1,45543915027977,Maria Carolina Melo Veloso,Carrefour,GAM,617369,Carrefour Santa Maria,39,49,1,1,1,1,1,1,-16.0469342,-47.9956775
Pedro,35002,10014286,2,47508411117932,Maria Carolina Melo Veloso,Cia Bras.Distrib.,GOI,581615,2379 - PA Tamandaré,453,35002,0,0,0,0,1,0,-16.683499,-49.264662
Pedro,35003,10013623,2,47508411034301,Maria Carolina Melo Veloso,Cia Bras.Distrib.,GOI,581623,2378 - PA T63 St Bueno,453,35003,0,0,0,0,1,0,-16.71474,-49.26979
Pedro,3520,10020205,2,47508411176351,Maria Carolina Melo Veloso,Cia Bras.Distrib.,GOI,729787,357 - PA T68 Vaca Brava,453,3520,0,0,0,0,1,0,-16.710109,-49.272862
Pedro,88977,10012275,2,47508411160196,Maria Carolina Melo Veloso,Cia Bras.Distrib.,GOI,705802,1018 - PA Flamboyant,453,88977,0,0,0,0,1,0,-16.696878,-49.24409
Pedro,35001,10014919,806,63960005240,Maria Carolina Melo Veloso,Sam´S Clube,GOI,581178,Sams Club Goiania,453,35001,1,1,1,1,1,1,-16.707984,-49.232382
Kelson,61779,10005889,1,45543915010063,Maria Carolina Melo Veloso,Carrefour,MAN,365467,Carrefour/Manpar-Flores,849,61779,0,0,1,0,0,0,-3.0773963,-60.0220547
Kelson,97174,10017562,1,45543915028434,Maria Carolina Melo Veloso,Carrefour,MAN,537020,Carrefour Dom Pedro,849,97174,0,0,1,0,0,0,-3.0912288,-60.0499268
Kelson,10000,10014010,1,45543915041619,Maria Carolina Melo Veloso,Carrefour,MAN,628697,Carrefour Adrianopolis,849,10000,1,0,1,0,0,0,-3.10506,-60.01194
Kelson,54026,10006441,1,45543915009723,Maria Carolina Melo Veloso,Carrefour,MAN,365491,Carrefour/Shopping-Chapada,849,54026,1,0,1,0,0,0,-3.09378,-60.02174
Pedro,33335,10028955,1582,15914528000143,Maria Carolina Melo Veloso,Ultrabox Atacado,GAM,842605,Ultrabox Ade,39,33335,0,1,0,0,0,0,-15.8760857,-48.0197
Pedro,44383,10040502,1582,13197254000606,Maria Carolina Melo Veloso,Ultrabox Atacado,GAM,967653,Ultrabox Aguas Lindas,39,44383,0,1,0,0,0,0,-15.7543646,-48.2552572
Pedro,44487,10046792,1582,49001157000120,Maria Carolina Melo Veloso,Ultrabox Atacado,GAM,1035606,Ultrabox Brasilinha,39,44487,0,1,0,0,0,0,-15.466331,-47.6020077
Pedro,44397,10041285,1582,44187601000120,Maria Carolina Melo Veloso,Ultrabox Atacado,GAM,975931,Ultrabox Brazlandia,39,44397,0,1,0,0,0,0,-15.6837473,-48.1968126
Pedro,44207,10025174,1582,13197254000355,Maria Carolina Melo Veloso,Ultrabox Atacado,GAM,791083,Ultrabox Ceilandia,39,44207,0,1,0,0,0,0,-15.83734,-48.11124
Pedro,69774,10033878,1582,33825940000179,Maria Carolina Melo Veloso,Ultrabox Atacado,GAM,894893,Ultrabox Ceilandia Norte,39,69774,0,1,0,0,0,0,-15.801798,-48.123589
Pedro,44412,10041672,1583,46062122000294,Maria Carolina Melo Veloso,Ultrabox Atacado,GAM,979899,Ultrabox Cnb 12,39,44412,0,1,0,0,0,0,-15.8219507,-48.0622966
Pedro,33580,10033128,1582,33797125000143,Maria Carolina Melo Veloso,Ultrabox Atacado,GAM,887110,Ultrabox Estrutural,39,33580,0,1,0,0,0,0,-15.78695,-47.987
Pedro,44172,10019809,1582,13683026000123,Maria Carolina Melo Veloso,Ultrabox Atacado,GAM,725110,Ultrabox Gama,39,44172,0,1,0,0,0,0,-15.96509,-48.02281
Pedro,44382,10040501,1582,33825940000250,Maria Carolina Melo Veloso,Ultrabox Atacado,GAM,967688,Ultrabox Recanto,39,44382,0,1,0,0,0,0,-15.9033967,-48.07053
Pedro,44429,10043108,1582,33825940000330,Maria Carolina Melo Veloso,Ultrabox Atacado,GAM,994774,Ultrabox Samambaia,39,44429,0,1,0,0,0,0,-15.8752869,-48.075443
Pedro,44232,10027177,1582,13197254000436,Maria Carolina Melo Veloso,Ultrabox Atacado,GAM,821020,Ultrabox Santa Maria,39,44232,0,1,0,0,0,0,-16.048301,-47.970187
Pedro,44285,10036873,1582,38160161000115,Maria Carolina Melo Veloso,Ultrabox Atacado,GAM,923788,Ultrabox Sao Sebastiao,39,44285,0,1,0,0,0,0,-15.8927,-47.78237
Pedro,44396,10041276,1582,45399382000106,Maria Carolina Melo Veloso,Ultrabox Atacado,GAM,975842,Ultrabox Sol Nascente,39,44396,0,1,0,0,0,0,-15.8282889,-48.1360037
Pedro,33579,10033129,1582,33806397000162,Maria Carolina Melo Veloso,Ultrabox Atacado,GAM,887102,Ultrabox Arapoangas,39,33579,0,0,1,0,0,0,-15.64006,-47.652
Pedro,44180,10021058,1582,13197254000274,Maria Carolina Melo Veloso,Ultrabox Atacado,GAM,742953,Ultrabox Colorado,39,44180,0,0,1,0,0,0,-15.65947,-47.84418
Pedro,44092,10007268,1583,5074045000124,Maria Carolina Melo Veloso,Ultrabox Atacado,GAM,587877,Ultrabox Eptg,39,44092,0,0,1,0,0,0,-15.81549,-48.01083
Pedro,44333,10034226,1582,33826001000149,Maria Carolina Melo Veloso,Ultrabox Atacado,GAM,898210,Ultrabox Itapoa,39,44333,0,0,1,0,0,0,-15.7540142,-47.7714918
Pedro,44398,10041286,1582,33826001000220,Maria Carolina Melo Veloso,Ultrabox Atacado,GAM,975940,Ultrabox Paranoa,39,44398,0,0,1,0,0,0,-15.7685706,-47.7856928
Pedro,44169,10019434,1582,13197254000193,Maria Carolina Melo Veloso,Ultrabox Atacado,GAM,720305,Ultrabox Planaltina Br020,39,44169,0,0,1,0,0,0,-15.60309,-47.68136
Pedro,44555,10028784,1582,13197254000517,Maria Carolina Melo Veloso,Ultrabox Atacado,GAM,841072,Ultrabox Sobradinho,39,44555,0,0,1,0,0,0,-15.64812,-47.79933
Pedro,44475,10045364,1582,51563365000165,Maria Carolina Melo Veloso,Ultrabox Atacado,GAM,1021125,Ultrabox Taguatinga Sul,39,44475,0,0,1,0,0,0,-15.8402217,-48.0508133
Pedro,44496,10047137,1582,33797125000224,Maria Carolina Melo Veloso,Ultrabox Atacado,GAM,1039113,Ultrabox Vicente Pires,39,44496,0,0,1,0,0,0,-15.8028843,-48.0430382
Pedro,44390,10041075,1825,11832478002148,Maria Carolina Melo Veloso,Dona De Casa,GAM,973602,Dona De Casa 111 Norte,39,44390,0,0,1,0,0,0,-15.7528326,-47.8900658
Pedro,27806,10035922,1825,11832478000951,Maria Carolina Melo Veloso,Dona De Casa,GAM,913944,Dona De Casa 213 Norte,39,27806,0,0,1,0,0,0,-15.74540919,-47.88634899
Pedro,44391,10041076,1825,11832478002229,Maria Carolina Melo Veloso,Dona De Casa,GAM,973610,Dona De Casa 216 Norte,39,44391,0,0,1,0,0,0,-15.738404,-47.8888264
Pedro,35969,10035924,1825,11832478001419,Maria Carolina Melo Veloso,Dona De Casa,GAM,913960,Dona De Casa 306 Norte,39,35969,0,0,1,0,0,0,-15.7685603,-47.8865882
Pedro,36161,10035925,1825,11832478001508,Maria Carolina Melo Veloso,Dona De Casa,GAM,913979,Dona De Casa 506 Norte,39,36161,0,0,1,0,0,0,-15.7714659,-47.8881052
Pedro,92385,10035930,1825,11832478000366,Maria Carolina Melo Veloso,Dona De Casa,GAM,914037,Dona De Casa Candang,39,92385,0,0,1,0,0,0,-15.84908673,-47.95039521
Pedro,92380,10035928,1825,11832478000285,Maria Carolina Melo Veloso,Dona De Casa,GAM,914010,Dona De Casa Guara,39,92380,0,0,1,0,0,0,-15.84131,-47.98071
Pedro,44431,10043526,1825,11832478002814,Maria Carolina Melo Veloso,Dona De Casa,GAM,998931,D De Casa Jd Botanic,39,44431,0,0,1,0,0,0,-16.0234622,-48.0489801
Pedro,44388,10041073,1825,11832478002490,Maria Carolina Melo Veloso,Dona De Casa,GAM,973580,Dona De Casa Qi 15 Lago Sul,39,44388,0,0,1,0,0,0,-15.8508316,-47.8768758
Pedro,92407,10035932,1825,11832478000447,Maria Carolina Melo Veloso,Dona De Casa,GAM,914053,Dona De Casa Sobradi,39,92407,0,0,1,0,0,0,-15.65189,-47.80162
Pedro,44418,10042045,1825,11832478002571,Maria Carolina Melo Veloso,Dona De Casa,GAM,983667,Dona De Casa Vicente Pires,39,44418,0,0,1,0,0,0,-15.7949905,-48.0506858
Pedro,44432,10043528,1825,11832478002733,Maria Carolina Melo Veloso,Dona De Casa,GAM,999113,D De Casa Solar De B,39,44432,0,0,1,0,0,0,-15.8355082,-47.8032994
Pedro,44282,10036716,1583,6141514000224,Maria Carolina Melo Veloso,Big Box Varejo,GAM,922269,Big Box 211 Norte,39,44282,0,0,0,1,0,0,-15.7513275,-47.8840921
Pedro,30892,10019057,1583,3696869000100,Maria Carolina Melo Veloso,Big Box Varejo,GAM,515132,Big Box 402n,39,30892,0,0,0,1,0,0,-15.779908,-47.8743915
Pedro,32061,10016896,1583,6141514000143,Maria Carolina Melo Veloso,Big Box Varejo,GAM,539252,Big Box 408n,39,32061,0,0,0,1,0,0,-15.75926,-47.87849
Pedro,30218,10016214,1583,4059113000113,Maria Carolina Melo Veloso,Big Box Varejo,GAM,487457,Big Box 412 Sul,39,30218,0,0,0,1,0,0,-15.83187,-47.91094
Pedro,89058,10030747,1583,15914528000305,Maria Carolina Melo Veloso,Big Box Varejo,GAM,861049,Big Box 508 Sul,39,89058,0,0,0,1,0,0,-15.81416,-47.90688
Pedro,33337,10032407,1583,24209248000125,Maria Carolina Melo Veloso,Big Box Varejo,GAM,878464,Big Box 513 Sul,39,33337,0,0,0,1,0,0,-15.81995,-47.9163
Pedro,44193,10022669,1583,22790985000139,Maria Carolina Melo Veloso,Big Box Varejo,GAM,764779,Big Box Paineiras,39,44193,0,0,0,1,0,0,-15.83669,-48.0319
Pedro,44389,10041074,1825,11832478002300,Maria Carolina Melo Veloso,Dona De Casa,GAM,973599,Dona De Casa 303 Norte,39,44389,0,0,0,1,0,0,-15.7802702,-47.8851299
Pedro,92382,10035929,1825,11832478000790,Maria Carolina Melo Veloso,Dona De Casa,GAM,914029,Dona De Casa Araucarias,39,92382,0,0,0,1,0,0,-15.83636,-48.01288
Pedro,93759,10035933,1825,11832478001095,Maria Carolina Melo Veloso,Dona De Casa,GAM,914061,Dona De Casa Arniqueiras,39,93759,0,0,0,1,0,0,-15.85909,-47.99941
Pedro,36608,10035926,1825,11832478001923,Maria Carolina Melo Veloso,Dona De Casa,GAM,913987,Dona De Casa Castanheiras,39,36608,0,0,0,1,0,0,-15.8357883,-48.0183149
Pedro,44470,10045242,1825,11832478002903,Maria Carolina Melo Veloso,Dona De Casa,GAM,1019945,Dona De Casa 502s,39,44470,0,0,0,1,0,0,-15.8019447,-47.894045
Pedro,92386,10035931,1825,11832478000870,Maria Carolina Melo Veloso,Dona De Casa,GAM,914045,Dona De Casa Sudoest,39,92386,0,0,0,1,0,0,-15.8030533,-47.92875
Pedro,44266,10035958,1825,11832478000528,Maria Carolina Melo Veloso,Dona De Casa,GAM,914592,Dona De Casa Taguatinga,39,44266,0,0,0,1,0,1,-15.81042,-48.06926
Pedro,44602,10031620,1583,32148930000183,Maria Carolina Melo Veloso,Big Box Varejo,GAM,870153,Big Box 105 Sw,39,44602,0,0,0,0,1,0,-15.8069,-47.933
Pedro,11020,10015922,1583,637793000154,Maria Carolina Melo Veloso,Big Box Varejo,GAM,372315,Big Box 106n,39,11020,0,0,0,0,1,0,-15.77103,-47.88441
Pedro,33334,10028954,1583,3696869000372,Maria Carolina Melo Veloso,Big Box Varejo,GAM,842591,Big Box 208n,39,33334,0,0,0,0,1,0,-15.7632697,-47.8804622
Pedro,33333,10028639,1583,3696869000291,Maria Carolina Melo Veloso,Big Box Varejo,GAM,836540,Big Box 310n,39,33333,0,0,0,0,1,0,-15.7564621,-47.8907868
Pedro,44474,10045363,1583,6141514000305,Maria Carolina Melo Veloso,Big Box Varejo,GAM,1021117,Big Box 314n,39,44474,0,0,0,0,1,0,-15.744368,-47.8954085
Pedro,36,10018676,1583,9254164000110,Maria Carolina Melo Veloso,Big Box Varejo,GAM,616877,Big Box 503 Sul,39,36,0,0,0,0,1,0,-15.8039,-47.896
Pedro,44349,10038816,1583,22790985000210,Maria Carolina Melo Veloso,Big Box Varejo,GAM,946010,Big Box Castanheiras,39,44349,0,0,0,0,1,0,-15.8337267,-48.01515
Pedro,29604,10007633,1679,3475791000102,Maria Carolina Melo Veloso,Big Box Varejo,GAM,401137,Big Box Franq Lago Sul,39,29604,0,0,0,0,1,0,-15.85794377,-47.8325119
Pedro,54,10009373,1583,8353835000137,Maria Carolina Melo Veloso,Big Box Varejo,GAM,639311,Big Box Iguatemi A,39,54,0,0,0,0,1,0,-15.72052,-47.88298
Pedro,33336,10029563,1583,15914528000224,Maria Carolina Melo Veloso,Big Box Varejo,GAM,849154,Big Box Qi05 B,39,33336,0,0,0,0,1,0,-15.7330844,-47.8650139
Pedro,33339,10034707,1583,35449145000159,Maria Carolina Melo Veloso,Big Box Varejo,GAM,903531,Big Box Ql11 Lg Sul,39,33339,0,0,0,0,1,0,-15.836585,-47.868305
Pedro,30041,10017409,1583,7676210000143,Maria Carolina Melo Veloso,Big Box Varejo,GAM,584070,Big Box Siberian C,39,30041,0,0,0,0,1,0,-15.74422,-47.85043
Pedro,44458,10044755,1583,50647656000179,Maria Carolina Melo Veloso,Big Box Varejo,GAM,1015079,Big Box Supermercados,39,44458,0,0,0,0,1,0,-15.765368,-47.9079327
Pedro,44395,10041284,1583,46062122000103,Maria Carolina Melo Veloso,Big Box Varejo,GAM,975923,Big Box Taguatinga,39,44395,0,0,0,0,1,0,-15.83131,-48.05312
Pedro,24601,10015877,1583,2817987000167,Maria Carolina Melo Veloso,Big Box Varejo,GAM,372323,Bigbox 301 Sw,39,24601,0,0,0,0,1,0,-15.79709,-47.91957
Anna Clara,44299,10015611,1952,1652694000295,Maísa Monteiro Alves,Caique,GAM,610097,Caique Samambaia 208,39,24,1,0,0,0,0,0,-15.8644683,-48.0784933
Anna Clara,30,10017415,442,3206948000196,Maísa Monteiro Alves,Super Veneza,GAM,610208,Sup Veneza P Sul,39,30,0,0,0,0,1,0,-15.84322,-48.11858
Anna Clara,44295,10016552,1952,1652694000376,Maísa Monteiro Alves,Caique,GAM,630853,Caique Riacho Fundo,39,37,0,1,0,0,0,0,-15.8865722,-48.0128383
Daniel,45,10011644,1587,9477652000358,Maísa Monteiro Alves,Comper Varejo,GAM,636983,Comper Aguas Claras,39,45,0,1,0,0,0,0,-15.83419,-48.03659
Daniel,46,10018230,1587,9477652000277,Maísa Monteiro Alves,Fort Atacado,GAM,617180,Fort Valparaiso,39,46,0,0,0,1,0,0,-16.0728729,-47.986558
Daniel,47,10010864,1586,9477652000439,Maísa Monteiro Alves,Fort Atacado,GAM,637726,Fort Ceilandia,39,47,0,0,0,1,0,0,-15.8213,-48.1153
Anna Clara,70,10007382,1863,10561195000100,Maísa Monteiro Alves,Cerramix,GAM,665789,Cerramix 316 St Maria,39,70,0,0,0,1,0,0,-16.01128,-47.99253
Anna Clara,8562,10010470,1220,24905366000178,Maísa Monteiro Alves,Ponto Alto,GAM,643360,Ponto Alto Gama(Quadra 28),39,8562,0,0,0,0,1,0,-16.017735,-48.0760583333333
Anna Clara,14362,10010302,1220,70597638000137,Maísa Monteiro Alves,Ponto Alto,GAM,644137,Ponto Alto 207,39,14362,0,0,0,0,1,0,-16.02405,-48.0277
Anna Clara,24206,10010180,1220,2494734000108,Maísa Monteiro Alves,Ponto Alto,GAM,644145,Ponto Alto 203,39,24206,0,0,0,0,1,0,-16.0347529,-48.0334459
Anna Clara,24428,10012894,464,2088025000114,Maísa Monteiro Alves,Super Cei,GAM,377996,S11 Supercei 17/19 Tag Norte,39,24428,1,0,0,0,0,0,-15.82029,-48.09081
Anna Clara,24459,10014873,442,2660007000165,Maísa Monteiro Alves,Super Veneza,GAM,610194,Sup Veneza Taguatinga,39,24459,0,0,0,0,1,0,-15.82275,-48.08184
Anna Clara,28186,10015767,442,3553628000102,Maísa Monteiro Alves,Super Veneza,GAM,610232,Sup Veneza Cruz Velho,39,28186,0,0,0,0,1,0,-15.7913,-47.937
Anna Clara,33578,10033047,464,21333974001058,Maísa Monteiro Alves,Super Cei,GAM,886114,Bellavia Taguatinga,39,33578,1,0,0,0,0,0,-15.83856,-48.05401
Anna Clara,44109,10038036,1978,8277796000136,Maísa Monteiro Alves,Vivendas,GAM,599549,Vivendas Gama Qd 8,39,44109,0,0,0,1,0,0,-16.0059219,-48.076186
Anna Clara,44171,10019728,1863,12525067000129,Maísa Monteiro Alves,Cerramix,GAM,724297,Cerramix Cruzeiro,39,44171,0,0,0,1,0,0,-15.79119,-47.93597
Daniel,44176,10020293,1587,9477652002482,Maísa Monteiro Alves,Comper Varejo,GAM,731730,Comper Planaltina,39,44176,0,1,0,0,0,0,-15.611,-47.6535
Anna Clara,44186,10021808,464,21333974000167,Maísa Monteiro Alves,Super Cei,GAM,754617,Bellavia Gama,39,44186,1,0,0,0,0,0,-15.9572,-48.0293
Anna Clara,44187,10021938,464,21333974000248,Maísa Monteiro Alves,Super Cei,GAM,756385,B02 Bellavia Recanto,39,44187,1,0,0,0,0,0,-15.9027,-48.0593
Anna Clara,44191,10022343,442,20209736000181,Maísa Monteiro Alves,Super Veneza,GAM,761095,Sup Veneza Guara Qe 15,39,44191,0,0,0,0,1,0,-15.82929,-47.97482
Anna Clara,44201,10024376,464,21333974000329,Maísa Monteiro Alves,Super Cei,GAM,782882,Bellavia Jardim Botanico,39,44201,1,0,0,0,0,0,-15.879965,-47.8204666666667
Daniel,44231,10027132,1586,9477652005074,Maísa Monteiro Alves,Fort Atacado,GAM,820423,Fort Taguatinga,39,44231,0,0,0,1,0,0,-15.80892,-48.0894
Daniel,44235,10027480,1587,9477652004930,Maísa Monteiro Alves,Comper Varejo,GAM,824097,Comper Sobradinho.,39,44235,0,1,0,0,0,0,-15.6527,-47.78172
Daniel,44236,10027481,1587,9477652005317,Maísa Monteiro Alves,Comper Varejo,GAM,824089,Comper Loja 152 Gama,39,44236,0,1,0,0,0,0,-16.02454,-48.064
Daniel,44237,10027482,1587,9477652005155,Maísa Monteiro Alves,Comper Varejo,GAM,824070,Comper 306 Sul,39,44237,0,1,0,0,0,0,-15.81084,-47.90253
Anna Clara,44250,10030473,464,21333974000833,Maísa Monteiro Alves,Super Cei,GAM,858188,Bellavia Sobradinho,39,44250,1,0,0,0,0,0,-15.64478,-47.80161
Anna Clara,44294,10038033,1977,8616988000472,Maísa Monteiro Alves,Superbom,GAM,935700,Superbom Loja 04 Qnj 11,39,44294,1,0,0,0,0,0,-15.812187,-48.083867
Anna Clara,44296,10014809,1952,1652694000104,Maísa Monteiro Alves,Caique,GAM,610160,Caique Ceilandia,39,44296,0,1,0,0,0,0,-15.7872267,-48.127855
Anna Clara,44302,10037582,1977,8616988000553,Maísa Monteiro Alves,Superbom,GAM,935719,Superbom Loja 05 S Sebastiao,39,44302,0,1,0,0,0,0,-15.9023572,-47.7683357
Anna Clara,44303,10037583,1977,8616988001010,Maísa Monteiro Alves,Superbom,GAM,931381,Superbom Loja 10 Qs 106,39,44303,0,0,0,1,0,0,-15.8743799,-48.0780365
Anna Clara,44305,10037584,1977,8616988000715,Maísa Monteiro Alves,Superbom,GAM,935778,Superbom Loja 07 Aguas Clara,39,44305,1,0,0,0,0,0,-15.8318,-48.01746
Anna Clara,44307,10037585,1977,8616988001282,Maísa Monteiro Alves,Superbom,GAM,935751,Superbom Loja 12 Cl 212,39,44307,0,1,0,0,0,0,-16.0097858,-48.0058178
Anna Clara,44309,10037586,1977,8616988001363,Maísa Monteiro Alves,Superbom,GAM,935760,Superbom Loja 13 Guara,39,44309,0,1,0,0,0,0,-15.8124755,-47.9894042
Anna Clara,44310,10038034,1977,8616988001444,Maísa Monteiro Alves,Superbom,GAM,935786,Superbom Loja 14 Qs 409,39,44310,0,0,0,1,0,0,-15.8778007,-48.1030154
Anna Clara,44311,10037587,1977,8616988000804,Maísa Monteiro Alves,Superbom,GAM,931586,Superbom Loja 08  Riacho I,39,44311,0,1,0,0,0,0,-15.8804858,-48.0115272
Anna Clara,44312,10037588,1977,8616988000634,Maísa Monteiro Alves,Superbom,GAM,931390,Superbom Loja 06  Riacho F Ii,39,44312,0,1,0,0,0,0,-15.9127567,-48.0486133
Anna Clara,44313,10037594,1977,8616988000987,Maísa Monteiro Alves,Superbom,GAM,935727,Superbom Loja 09  Vicente Pires,39,44313,0,1,0,0,0,0,-15.8168645,-48.0167374
Anna Clara,44315,10037603,1978,18339154000178,Maísa Monteiro Alves,VIVENDAS,GAM,931519,Vivendas Gama Qd 10,39,44315,0,0,0,0,1,0,-16.0283533,-48.0818266
Anna Clara,44316,10037625,1978,16578917000108,Maísa Monteiro Alves,VIVENDAS,GAM,931438,Vivendas Santa Maria 209,39,44316,0,0,0,0,1,0,-16.0207117,-48.0229083
Anna Clara,44320,10037607,1978,26959616000188,Maísa Monteiro Alves,VIVENDAS,GAM,931543,Vivendas Gama Qd 7,39,44320,0,0,0,1,0,0,-16.0091989,-48.0541277
Anna Clara,44324,10037695,1978,28162072000154,Maísa Monteiro Alves,VIVENDAS,GAM,931489,Vivendas Recanto 402,39,44324,0,0,0,1,0,0,-15.9113677,-48.0523433
Anna Clara,44325,10038035,1978,28655924000145,Maísa Monteiro Alves,Vivendas,GAM,935735,Vivendas Santa Maria 105,39,44325,0,0,0,0,1,0,-16.0299807,-48.0340141
Anna Clara,44328,10037617,1978,33343599000115,Maísa Monteiro Alves,VIVENDAS,GAM,931551,Vivendas Taquatinga,39,44328,0,0,0,0,1,0,-15.815123,-48.0635863
Anna Clara,44329,10037619,1978,34290018000197,Maísa Monteiro Alves,VIVENDAS,GAM,931500,Vivendas Santa Maria 202,39,44329,0,0,0,1,0,0,-16.0383193,-48.033681
Anna Clara,44330,10037696,1978,21701484000176,Maísa Monteiro Alves,VIVENDAS,GAM,931527,Vivendas Gama Qd 28,39,44330,0,0,0,1,0,0,-16.0188505,-48.0743042
Anna Clara,44331,10037621,1978,24831105000150,Maísa Monteiro Alves,VIVENDAS,GAM,931535,Vivendas Santa Maria 416,39,44331,0,0,0,0,1,0,-16.0125219,-47.9944026
Anna Clara,44334,10037615,1980,27901753000124,Maísa Monteiro Alves,Primor,GAM,931608,Primor Samambaia 212,39,44334,0,0,1,0,0,0,-15.86132,-48.07299
Anna Clara,44335,10037616,1980,27427009000130,Maísa Monteiro Alves,Primor,GAM,931616,Primor Samambaia 307,39,44335,0,0,1,0,0,0,-15.8881669,-48.0964051
Anna Clara,44336,10037618,1980,27901753000205,Maísa Monteiro Alves,Primor,GAM,931624,Primor Recanto,39,44336,0,0,1,0,0,0,-15.9160426,-48.0508796
Anna Clara,44337,10037620,1977,8616988000120,Maísa Monteiro Alves,Superbom,GAM,931322,Superbom Loja 01 Qs 314,39,44337,1,0,0,0,0,0,-15.8768671,-48.0670401
Anna Clara,44338,10037073,1977,8616988000200,Maísa Monteiro Alves,Superbom,GAM,926043,Superbom Loja 02 Qnl 13/15,39,44338,1,0,0,0,0,0,-15.8239894,-48.0862071
Anna Clara,44339,10038037,1977,8616988000391,Maísa Monteiro Alves,Superbom,GAM,935743,Superbom Loja 03 Qs 604,39,44339,0,0,0,1,0,0,-15.8620074,-48.0889086
Anna Clara,44340,10038280,342,24447350001300,Yasmin Rodrigues Araújo da Silva,Tatico,GAM,938270,Tatico Aguas Lindas 2,39,44340,0,0,0,1,0,0,-15.7355467,-48.285809
Anna Clara,44342,10038374,1977,8616988001525,Maísa Monteiro Alves,Superbom,GAM,939242,Superbom Loja 14 Vp,39,44342,0,1,0,0,0,0,-15.7908123,-48.0119495
Anna Clara,44344,10025980,1952,5260023000159,Maísa Monteiro Alves,Caique,GAM,799122,Super Top Sobradinho,39,44344,1,0,0,0,0,0,-15.6447883,-47.79627
Anna Clara,44347,10038478,1978,37082592000148,Maísa Monteiro Alves,Vivendas,GAM,940291,Vivendas Recanto 304,39,44347,0,0,0,1,0,0,-15.91205744,-48.09379174
Anna Clara,44353,10039120,342,24447350001483,Maísa Monteiro Alves,Tatico,GAM,949329,Tatico Ceilandia Sul,39,44353,0,0,1,0,0,0,-15.8293826,-48.1173174
Anna Clara,44354,10039145,464,21333974000752,Maísa Monteiro Alves,Super Cei,GAM,949612,Bellavia Noroeste,39,44354,1,0,0,0,0,0,-15.742565,-47.9158104
Anna Clara,44364,10039540,1980,27901753000396,Maísa Monteiro Alves,Primor,GAM,953601,Primor Samambaia 120,39,44364,0,0,1,0,0,0,-15.8695888,-48.0620855
Anna Clara,44403,10041361,342,24447350001564,Maísa Monteiro Alves,Tatico,GAM,976679,Tatico Vicente Pires,39,44403,0,0,1,0,0,0,-15.7963656,-48.0489383
Anna Clara,44404,10041362,342,24447350001645,Yasmin Rodrigues Araújo da Silva,Tatico,GAM,976687,Supermercado Tatico Luziania,39,44404,0,0,0,1,0,0,-16.1628368,-47.932103
Anna Clara,44405,10041469,464,46804906000240,Maísa Monteiro Alves,Super Cei,GAM,977829,Super Cei Taquari,39,44405,1,0,0,0,0,0,-15.6958557,-47.8719775
Daniel,44407,10041539,1586,9477652012364,Maísa Monteiro Alves,Fort Atacado,GAM,978531,Fort Recanto,39,44407,0,0,0,1,0,0,-15.9296441,-48.0474691
Anna Clara,44409,10041611,1978,45556111000117,Maísa Monteiro Alves,Vivendas,GAM,979244,Vivendas Ceilandia - Eqnp,39,44409,0,0,0,0,1,0,-15.8133868,-48.1301098
Anna Clara,44415,10041858,1977,8616988001606,Maísa Monteiro Alves,Superbom,GAM,981770,Superbom 15 Samambaia,39,44415,1,0,0,0,0,0,-15.887027,-48.0945768
Anna Clara,44423,10042340,464,21333974001139,Maísa Monteiro Alves,Super Cei,GAM,986720,B09  Bellavia Vicente Pires,39,44423,1,0,0,0,0,0,-15.8022488,-48.0166229
Anna Clara,44426,10042466,1952,47824637000166,Maísa Monteiro Alves,Caique,GAM,988260,Caique Samambaia.610,39,44426,1,0,0,0,0,0,-15.8557554,-48.0785317
Anna Clara,44442,10043875,464,21333974001210,Maísa Monteiro Alves,Super Cei,GAM,1004107,Bellavia,39,44442,1,0,0,0,0,0,-15.8540669,-48.0304901
Anna Clara,44444,10028363,464,21333974000671,Maísa Monteiro Alves,Super Cei,GAM,833088,B06  Bellavia 513 Norte,39,44444,1,0,0,0,0,0,-15.7502923,-47.8949446
Anna Clara,44445,10031741,1682,21333974000590,Maísa Monteiro Alves,Super Cei,GAM,871494,Bevia Itapoa,39,44445,1,0,0,0,0,0,-15.75192,-47.76258
Anna Clara,44447,10044493,464,46804906000402,Maísa Monteiro Alves,Super Cei,GAM,1012312,Supercei,39,44447,1,0,0,0,0,0,-16.0212062,-48.0682367
Anna Clara,44449,10044550,464,21333974001481,Maísa Monteiro Alves,Super Cei,GAM,1013050,Bellavia Setor O B13,39,44449,1,0,0,0,0,0,-15.7994093,-48.1348963
Anna Clara,44457,10044197,1978,49698339000100,Maísa Monteiro Alves,Vivendas,GAM,1009362,Vivendas,39,44457,0,0,0,0,1,0,-15.8188467,-48.0877267
Anna Clara,44460,10031626,442,31468506000153,Maísa Monteiro Alves,Super Veneza,GAM,870099,Emporio Vitalia Lago Sul,39,44460,0,0,1,0,0,0,-15.84948,-47.90369
Anna Clara,44463,10044980,464,46804906001212,Maísa Monteiro Alves,Super Cei,GAM,1017314,Supercei Qnn 7 9 Tic Tac,39,44463,1,0,0,0,0,0,-15.8024896,-48.118681
Anna Clara,44480,10046147,1978,54142852000142,Maísa Monteiro Alves,VIVENDAS,GAM,1029096,Vivendas Expansao,39,44480,0,0,0,1,0,0,-15.794128,-48.1383619
Anna Clara,44481,10046169,464,21333974001309,Maísa Monteiro Alves,Super Cei,GAM,1029304,Bella Via Tagua Park,39,44481,1,0,0,0,0,0,-15.8180345,-48.0532369
Anna Clara,44482,10046170,464,21333974001562,Maísa Monteiro Alves,Super Cei,GAM,1029312,Bella Via Cnb 14,39,44482,1,0,0,0,0,0,-15.8214284,-48.0646256
Anna Clara,44491,10046802,342,24447350001726,Maísa Monteiro Alves,Tatico,GAM,1035665,Tatico Eptg,39,44491,0,0,0,1,0,0,-15.8143589,-48.0089002
Anna Clara,44494,10046967,442,56701538000188,Maísa Monteiro Alves,Super Veneza,GAM,1037404,Super Veneza Guara Ii B,39,44494,0,0,0,0,1,0,-15.8349823,-47.9772493
Anna Clara,44500,10028193,464,21333974000400,Maísa Monteiro Alves,Super Cei,GAM,831492,Bellavia Aguas Claras,39,44500,1,0,0,0,0,0,-15.8382822,-48.0194796
Anna Clara,45000,10028596,442,29049500000108,Maísa Monteiro Alves,Super Veneza,GAM,836117,Sup Veneza Cruz Novo,39,45000,0,0,0,0,1,0,-15.8003033,-47.9381533
Daniel,55984,10033433,1586,9477652007522,Maísa Monteiro Alves,Fort Atacado,GAM,890146,Fort Ceilandia Norte,39,55984,0,0,0,1,0,0,-15.8086207,-48.1457313
Anna Clara,77000,10034595,442,36009247000116,Maísa Monteiro Alves,Super Veneza,GAM,902276,Super Veneza Guara Ii,39,77000,0,0,0,0,1,0,-15.8164919,-47.9780024
Anna Clara,77001,10034598,442,33966379000148,Maísa Monteiro Alves,Super Veneza,GAM,902233,Emporio Vitalia Park Sul,39,77001,0,0,1,0,0,0,-15.824991,-47.9570801
Anna Clara,89053,10030279,342,24447350000754,Yasmin Rodrigues Araújo da Silva,Tatico,GAM,856207,Tatico Aguas Lindas,39,89053,0,0,0,1,0,0,-15.7423221,-48.2715433
Anna Clara,89054,10030645,342,24447350001211,Maísa Monteiro Alves,Tatico,GAM,859907,Tatico Recanto,39,89054,0,0,1,0,0,0,-15.90629,-48.08151
Anna Clara,89055,10030644,342,24447350001130,Maísa Monteiro Alves,Tatico,GAM,859915,Tatico Samambaia Sul,39,89055,0,0,1,0,0,0,-15.87386,-48.071
Anna Clara,89056,10030643,342,24447350001050,Maísa Monteiro Alves,Tatico,GAM,859923,Tatico Samambaia Norte,39,89056,0,0,1,0,0,0,-15.87229,-48.09214
Anna Clara,89057,10030642,342,24447350000835,Maísa Monteiro Alves,Tatico,GAM,859931,Tatico Sta Maria,39,89057,0,0,0,1,0,0,-16.0479683,-48.0338967
Anna Clara,44301,10037596,1950,18197698000142,Maísa Monteiro Alves,Guarapa,GAM,931632,Supermercado Guarapa Eqnm,39,44301,0,0,1,0,0,0,-15.8316848,-48.1006008
Anna Clara,44304,10037600,1950,19833483000133,Maísa Monteiro Alves,Guarapa,GAM,931365,Supermercado Guarapa Comprar,39,44304,0,0,1,0,0,0,-15.8446863,-48.1118929
Anna Clara,44489,10046865,464,21333974001643,Maísa Monteiro Alves,Super Cei,GAM,1036289,Bellavia Sudoeste,39,44489,1,0,0,0,0,0,-15.8025339,-47.929004
Anna Clara,44490,10046803,1977,8616988001797,Maísa Monteiro Alves,Superbom,GAM,1035673,Superbom Paranoa,39,44490,0,1,0,0,0,0,-15.7659574,-47.7875928
Anna Clara,44467,10045128,464,46804906001301,Maísa Monteiro Alves,Super Cei,GAM,1018787,Supercei Psul 30/34,39,44467,1,0,0,0,0,0,-15.8484156,-48.1156902
Anna Clara,44446,10044277,464,46804906000321,Maísa Monteiro Alves,Super Cei,GAM,1010131,Supercei Brazlandia,39,44446,1,0,0,0,0,0,-15.6838011,-48.1955757
Anna Clara,44448,10044549,464,46804906000674,Maísa Monteiro Alves,Super Cei,GAM,1013041,Supercei Samambaia Fabril 4,39,44448,1,0,0,0,0,0,-15.892039,-48.1060248
Anna Clara,44456,10044727,464,46804906000755,Maísa Monteiro Alves,Super Cei,GAM,1014790,Supercei Riacho Fundo,39,44456,1,0,0,0,0,0,-15.8822718,-48.0159561
Anna Clara,44462,10044979,464,46804906001131,Maísa Monteiro Alves,Super Cei,GAM,1017306,Supercei Qnl 9 11 Puramax,39,44462,1,0,0,0,0,0,-15.8308925,-48.0872891
Anna Clara,44455,10044700,464,46804906000836,Maísa Monteiro Alves,Super Cei,GAM,1014536,Supercei Qng,39,44455,1,0,0,0,0,0,-15.7999064,-48.0615488
Anna Clara,44461,10044855,464,46804906001050,Maísa Monteiro Alves,Super Cei,GAM,1016075,Supercei Psul Linear 10/14,39,44461,1,0,0,0,0,0,-15.8405885,-48.1149519
Anna Clara,44468,10045129,464,46804906001484,Maísa Monteiro Alves,Super Cei,GAM,1018795,Supercei Cei Sul 7/9,39,44468,1,0,0,0,0,0,-15.8348607,-48.0954712
Anna Clara,44343,10038413,1952,30858234000135,Maísa Monteiro Alves,Caique,GAM,940127,Super Top Samambaia Sul,39,44343,1,0,0,0,0,0,-15.8837588,-48.1045573
Anna Clara,44459,10044853,464,46804906000917,Maísa Monteiro Alves,Super Cei,GAM,1016059,Supercei Psul Polo 26 30,39,44459,1,0,0,0,0,0,-15.84595,-48.12189
Anna Clara,44510,10047458,1950,19833483000214,Maísa Monteiro Alves,Guarapa,GAM,1042211,Sg Vicente,39,44510,0,0,1,0,0,0,-15.8061951,-48.0185422
Anna Clara,44502,10047314,1980,53983913000131,Maísa Monteiro Alves,Primor,GAM,1040898,Bravo Comercio De Alimentos Ltda,39,44502,0,0,1,0,0,0,-15.8319963,-48.0893859
Anna Clara,44493,10046931,464,21333974001724,Maísa Monteiro Alves,Super Cei,GAM,1037021,Bellavia Paranoa,39,44493,1,0,0,0,0,0,-15.7735306,-47.7792355
Anna Clara,44505,10047392,1978,56525495000208,Maísa Monteiro Alves,Vivendas,GAM,1041606,Vivendas Gama Qd24 Lj26 Matriz,39,44505,0,0,0,1,0,0,-16.0232469,-48.0552124
Anna Clara,44509,10047457,1978,56525495000127,Maísa Monteiro Alves,VIVENDAS,GAM,1042203,Vivendas Gama Qd4,39,44509,0,0,0,0,1,0,-16.0209675,-48.0774221
Kelson,97629,10025119,395,6057223030089,Fabricia Da Silva Oliveira,Assai Comercial E Importadora Ltda,MAN,790435,Assai Multirao,849,97629,1,1,1,1,1,1,-3.04019,-59.94427
Kelson,11200,10028770,395,6057223036362,Fabricia Da Silva Oliveira,Assai Comercial E Importadora Ltda,MAN,840947,Assai V8,849,11200,1,1,1,1,1,1,-3.0912383,-59.99053
Kelson,57000,10037674,395,6057223043571,Fabricia Da Silva Oliveira,Assai Comercial E Importadora Ltda,MAN,931950,Assai Torquato,849,57000,1,1,1,1,1,1,-3.054305,-60.0222717
Kelson,42621,10019860,54,75315333011810,Fabricia Da Silva Oliveira,Atacadao S.A.,MAN,725765,Atacadão Av Md,849,42621,1,1,1,1,1,1,-3.08402215596288,-59.9507078155875
Kelson,42820,10020145,54,75315333014916,Fabricia Da Silva Oliveira,Atacadao S.A.,MAN,729108,Atacaao Distribuicao,849,42820,1,1,1,1,1,1,-3.03622833333333,-59.993235
Kelson,43896,10025388,54,75315333018822,Fabricia Da Silva Oliveira,Atacadao S.A.,MAN,793388,Atacadao Educandos Lj 188,849,43896,1,1,1,1,1,1,-3.142694,-60.0071395
Kelson,56238,10036876,54,75315333028119,Fabricia Da Silva Oliveira,Atacadao S.A.,MAN,923834,Atacadao Manaus Moderna,849,56238,1,1,1,1,1,1,-3.13806,-60.01269
Kelson,56240,10036877,54,75315333028623,Fabricia Da Silva Oliveira,Atacadao S.A.,MAN,923842,Atacadao Japiim,849,56240,1,1,1,1,1,1,-3.10851,-59.9813867
Kelson,42107,10019335,54,75315333011909,Fabricia Da Silva Oliveira,Atacadao S.A.,MAN,716979,Atacadao2,849,42107,1,1,1,1,1,1,-3.0846224,-59.951581
Kelson,95956,10012829,542,3488542000143,Fabricia Da Silva Oliveira,Atack,MAN,509558,Atack,849,95956,1,1,1,1,1,1,-3.0762167,-59.9648617
Kelson,41710,10009828,542,3488542000224,Fabricia Da Silva Oliveira,Atack,MAN,708283,Cdl Centro,849,41710,1,1,1,1,1,1,-3.0426333,-60.00784
Kelson,43901,10026755,542,3488542000496,Fabricia Da Silva Oliveira,Atack,MAN,816671,Atack Alvorada,849,43901,1,1,1,1,1,1,-3.0804,-60.04672
Kelson,50326,10033018,542,3488542000577,Fabricia Da Silva Oliveira,Atack,MAN,885576,Atack Torres,849,50326,1,1,1,1,1,1,-3.06579,-59.99113
Kelson,63061,10041341,542,3488542000658,Fabricia Da Silva Oliveira,Atack,MAN,976474,Atack Parque 10,849,63061,1,1,1,1,1,1,-3.069201,-60.014785
Kelson,29031,10015370,1023,6637002000172,Fabricia Da Silva Oliveira,Atm Veneza,MAN,616648,Atm Veneza,849,29031,1,1,1,1,1,1,-3.0695,-60.00683
Kelson,89000,10031315,1023,6637002000253,Fabricia Da Silva Oliveira,Atm Veneza,MAN,866830,Super Veneza Lg Azul,849,89000,1,1,1,1,1,1,-2.96921,-60.01529
Kelson,58447,10039589,1023,6637002000415,Fabricia Da Silva Oliveira,Atm Veneza,MAN,954080,Veneza Ponta Negra,849,58447,1,1,1,1,1,1,-3.0633,-60.09134
Kelson,57824,10039247,1023,6637002000334,Fabricia Da Silva Oliveira,Atm Veneza,MAN,950319,Veneza Centro 2167,849,57824,1,1,1,1,1,1,-3.12296,-60.02103
Kelson,78231,10046148,2039,4565289010371,Fabricia Da Silva Oliveira,Bemol,MAN,1029100,Bemol Cd Taruma,849,78231 ,0,1,1,0,0,0,-2.994316,-60.048798
Kelson,56303,10038199,1955,20085322000511,Fabricia Da Silva Oliveira,Coema,MAN,937533,Supermercado Coema-,849,56303,1,1,1,1,1,1,-3.0235159,-60.0211658
Kelson,43823,10038194,1955,20085322000198,Fabricia Da Silva Oliveira,Coema,MAN,937398,Supermercado Coema,849,43823,1,1,1,1,1,1,-3.10980110737234,-59.9662999413513
Kelson,51310,10038196,1955,20085322000279,Fabricia Da Silva Oliveira,Coema,MAN,937410,Super Atacado Coema,849,51310,1,1,1,1,1,1,-2.99954175949097,-59.9922981262207
Kelson,56315,10038200,1955,20085322000600,Fabricia Da Silva Oliveira,Coema,MAN,937541,Supermercado Coem,849,56315,1,1,1,1,1,1,-3.0329061,-59.9484973
Kelson,37750,10038193,1955,7552901000135,Fabricia Da Silva Oliveira,Coema,MAN,937380,Friotrans,849,37750,1,1,1,1,1,1,-3.121705,-59.9541
Kelson,52404,10038197,1955,20085322000430,Fabricia Da Silva Oliveira,Coema,MAN,937525,Supermercado Coema.,849,52404,1,1,1,1,1,1,-3.0803755,-60.0640203
Kelson,74838,10045270,1955,20085322000783,Fabricia Da Silva Oliveira,Coema,MAN,1020234,Coema Produtos Alimenticio,849,74838,1,1,1,1,1,1,-3.056944,-59.963137
Kelson,72043,10044506,1955,20085322000350,Fabricia Da Silva Oliveira,Coema,MAN,1012460,Coema Cd,849,72043,1,1,1,1,1,1,-3.1216508,-59.9540632
Kelson,43074,10020204,1308,4240370000742,Fabricia Da Silva Oliveira,Merc Nova Era,MAN,729752,Nova Era,849,43074,0,0,1,0,0,0,-3.1108305,-60.0499452
Kelson,42386,10019544,1308,4240370001129,Fabricia Da Silva Oliveira,Merc Nova Era,MAN,721867,Superatacado Nova Era Ltda,849,42386,1,0,0,0,0,0,-3.0388262,-59.9396452
Kelson,11315,10035379,1308,4240370003415,Fabricia Da Silva Oliveira,Merc Nova Era,MAN,910350,Superatacado Nova Era Big Silves,849,11315,0,0,0,0,1,0,-3.129848,-59.988648
Kelson,11316,10035380,1308,4240370003334,Fabricia Da Silva Oliveira,Merc Nova Era,MAN,910368,Superatacado Nova Era Big Torquato,849,11316,0,0,0,0,1,0,-2.9786924,-60.0180382
Kelson,11314,10035378,1308,4240370003687,Fabricia Da Silva Oliveira,Merc Nova Era,MAN,910341,Superatacado Nova Era Big Compensa,849,11314,0,0,1,0,0,0,-3.0978307,-60.0630629
Kelson,40551,10009937,1308,4240370001048,Fabricia Da Silva Oliveira,Merc Nova Era,MAN,700525,Superatacado Nova Era,849,40551,0,1,0,0,0,0,-3.053,-60.02603
Kelson,11317,10035381,1308,4240370003172,Fabricia Da Silva Oliveira,Merc Nova Era,MAN,910376,Superatacado Nova Era Big Torres,849,11317,0,0,0,1,0,0,-3.0628767,-59.9866433
Kelson,74556,10033965,1308,4240370001986,Fabricia Da Silva Oliveira,Merc Nova Era,MAN,895598,Nova Era Cd,849,74556,0,0,0,0,0,1,-3.0524211,-60.0264756
Kelson,99551,10024234,1308,4240370001390,Fabricia Da Silva Oliveira,Merc Nova Era,MAN,780154,Superatacado Nera,849,99551 ,0,0,0,1,0,0,-2.99575,-60.0029467
Kelson,43889,10021685,769,4240370001200,Fabricia Da Silva Oliveira,Nova Era,MAN,751936,Patio Gourmet,849,43889,1,1,1,1,1,1,-3.10349,-60.02464
Kelson,40555,10033485,769,4240370002281,Fabricia Da Silva Oliveira,Nova Era,MAN,890766,Patio Morada Do Sol,849,40555,1,1,1,1,1,1,-3.091655,-59.9990467
Kelson,48989,10032463,769,4240370002010,Fabricia Da Silva Oliveira,Nova Era,MAN,879045,Emporium Roma,849,48989,1,1,1,1,1,1,-3.1106778,-60.0152125
Kelson,40662,10038209,1966,835261000202,Fabricia Da Silva Oliveira,Rodrigues,MAN,937517,Supermercado Rodrigues.,849,40662,0,0,0,1,0,1,-3.0180767,-59.9901517
Kelson,49246,10038235,1966,835261000555,Fabricia Da Silva Oliveira,Rodrigues,MAN,937738,Supermercado Rodrigues,849,49246,0,0,0,1,0,1,-3.0843287,-60.071522
Kelson,55667,10038236,1966,835261000717,Fabricia Da Silva Oliveira,Rodrigues,MAN,937916,Supermercado Rodrigue,849,55667,0,0,0,1,0,1,-3.0960762,-60.0467522
Kelson,98310,10038238,1966,835261000393,Fabricia Da Silva Oliveira,Rodrigues,MAN,937746,Rodrigues Vieiralves,849,98310,0,0,0,1,0,1,-3.106777,-60.018406
Kelson,24805,10038207,1966,835261000121,Fabricia Da Silva Oliveira,Rodrigues,MAN,937495,Superm Rodrigues,849,24805,0,0,0,1,0,1,-3.0519067,-59.9465833
Kelson,56353,10038237,1966,835261000636,Fabricia Da Silva Oliveira,Rodrigues,MAN,937924,Supermercado Rodr,849,56353,0,0,0,1,0,1,-2.98499,-60.04601
Kelson,44640,10038241,2040,3483863000155,Fabricia Da Silva Oliveira,Vitoria (Co),MAN,937762,Emporio Vitoria Tr4,849,44640,0,0,0,1,0,1,-3.0626042,-60.0241171
Kelson,31519,10038239,2040,7179667000142,Fabricia Da Silva Oliveira,Vitoria (Co),MAN,937754,Mercadinho Vitoria,849,31519,0,0,0,1,0,1,-3.06322,-59.94965
Kelson,56568,10038243,2040,7179667000223,Fabricia Da Silva Oliveira,Vitoria (Co),MAN,937932,Vitoria Supermercado.,849,56568,0,0,0,1,0,1,-3.0637146,-59.9430469
Kelson,56993,10038847,2040,7179667000304,Fabricia Da Silva Oliveira,Vitoria (Co),MAN,946311,Vitoria Centro,849,56993,0,0,0,1,0,1,-3.135104,-60.0268076
Kelson,62003,10040959,2040,7179667000738,Fabricia Da Silva Oliveira,Vitoria (Co),MAN,972428,Vitoria Japiin,849,62003,0,0,0,1,0,1,-3.1052482,-59.9822982
Kelson,55923,10038242,2040,7179667000576,Fabricia Da Silva Oliveira,Vitoria (Co),MAN,937770,Vitoria Supermercado,849,55923,0,0,0,1,0,1,-3.0822071,-59.9770117
Kelson,56311,10036924,129,22991939003547,Fabricia Da Silva Oliveira,Db Atacado E Supermercado,MAN,924385,Db Central,849,56311,1,1,1,1,1,1,-3.097384,-59.937213
Kelson,82184,10047440,129,22991939003709,Fabricia Da Silva Oliveira,Db Atacado E Supermercado,MAN,1042068,Db Torquato Ii,849,82184,1,1,1,1,1,1,-3.05286,-60.002865
Kelson,55519,10036040,129,22991939003385,Fabricia Da Silva Oliveira,Db Atacado E Supermercado,MAN,915408,Db Ellegance,849,55519,1,1,1,1,1,1,-3.10797,-60.01394
Kelson,79744,10046786,395,6057223044209,Fabricia Da Silva Oliveira,Assai Comercial E Importadora Ltda,MAN,1035541,Assai Silves,849,79744 ,1,1,1,1,1,1,-3.130129,-59.98692
Kelson,11312,10035385,1308,4240370003253,Fabricia Da Silva Oliveira,Merc Nova Era,MAN,910414,Superatacado Nova Era Big Centro,849,11312,1,0,0,0,0,0,-3.1402114,-60.0199145
Kelson,52647,10034962,1308,4240370001803,Fabricia Da Silva Oliveira,Merc Nova Era,MAN,906123,PRONTO MAIS 244,849,52647 ,0,0,0,1,0,0,-2.96969,-59.99955
Kelson,77378,10045892,1308,4240370004497,Fabricia Da Silva Oliveira,Merc Nova Era,MAN,1026542,Super Nova Era Ponta Negra,849,77378,0,1,0,0,0,0,-3.08884,-60.055061
Kelson,76874,10045794,1308,4240370005205,Fabricia Da Silva Oliveira,Merc Nova Era,MAN,1025457,Super Nova Era Alvorada,849,76874 ,0,0,1,0,0,0,-3.07182,-60.038817
Kelson,11313,10035377,1308,4240370003504,Fabricia Da Silva Oliveira,Merc Nova Era,MAN,910333,Superatacado Nova Era Cidade De Deus,849,11313,1,0,0,0,0,0,-3.022645,-59.9451617
Kelson,79743,10046787,1308,4240370005388,Fabricia Da Silva Oliveira,Merc Nova Era,MAN,1035550,Nova Era Max Teixeira,849,79743,0,1,0,0,0,0,-3.0341715,-59.9954122
Daniel,11,10017969,54,75315333001423,Júlia Oliveira Sathler Garcia,Atacadao S.A.,GAM,602850,Atacadao Qnl 1 Setor L,39,11,1,1,1,1,1,1,-15.8322277,-48.0814764
Daniel,50,10013909,54,75315333006140,Júlia Oliveira Sathler Garcia,Atacadao S.A.,GAM,612162,Atacadao Asa Norte,39,50,1,1,1,1,1,1,-15.73452,-47.90433
Daniel,30221,10007597,54,75315333000885,Júlia Oliveira Sathler Garcia,Atacadao S.A.,GAM,491519,Atacadao Cd 08,39,30221,1,1,1,1,1,1,-15.8329771,-48.0797822
Daniel,44283,10036796,54,75315333029786,Júlia Oliveira Sathler Garcia,ATACADAO S.A.,GAM,923052,Atacadao Gama,39,44283,1,1,1,1,1,1,-15.9979754,-48.0508405
Daniel,44289,10037908,54,75315333029514,Júlia Oliveira Sathler Garcia,ATACADAO S.A.,GAM,934399,Atacadao Sia,39,44289,1,1,1,1,1,1,-15.7906215,-47.9465083
Daniel,44384,10040575,54,75315333032060,Júlia Oliveira Sathler Garcia,Atacadao S.A.,GAM,968560,Atacadao Riacho 54,39,44384,1,1,1,1,1,1,-15.9021185,-48.0770202
Daniel,44440,10043873,54,75315333035085,Júlia Oliveira Sathler Garcia,Atacadao S.A.,GAM,1003887,Atacadao Sobradinho 350,39,44440,1,1,1,1,1,1,-15.6651044,-47.8011978
Daniel,40803,10031349,54,75315333023230,Júlia Oliveira Sathler Garcia,Atacadao S.A.,GOI,867250,Atacadao Cd Goias,453,40803,1,1,1,1,1,1,-16.83042,-49.242237
Daniel,4999,10035314,804,93209765049205,Júlia Oliveira Sathler Garcia,ATACADAO S.A.,GOI,909696,Atacadao Independencia 492,453,4999,1,1,1,1,1,1,-16.664346,-49.264532
Daniel,35000,10014634,52,63960004783,Júlia Oliveira Sathler Garcia,Atacadao S.A.,GOI,580163,Atacadao Flamboyant 47,453,35000,1,1,1,1,1,1,-16.707968,-49.232199
Daniel,89318,10045999,54,93209765057062,Júlia Oliveira Sathler Garcia,Atacadao S.A.,GOI,1027603,Atacadao Anapolis 570,453,89318,1,1,1,1,1,1,-16.3520089,-48.9261599
Daniel,89322,10046002,54,93209765058620,Júlia Oliveira Sathler Garcia,Atacadao S.A.,GOI,1027638,Atacadao Aparecida 586,453,89322,1,1,1,1,1,1,-16.750089,-49.303293
Daniel,89319,10045996,54,93209765057909,Júlia Oliveira Sathler Garcia,Atacadao S.A.,GOI,1027590,Atacadao Br153 579,453,89319,1,1,1,1,1,1,-16.75067,-49.24265
Daniel,89313,10045991,54,93209765056848,Júlia Oliveira Sathler Garcia,Atacadao S.A.,GOI,1027549,Atacadao Formosa 568,453,89313,1,1,1,1,1,1,-15.55898,-47.319094
Daniel,89315,10045993,54,93209765057658,Júlia Oliveira Sathler Garcia,Atacadao S.A.,GOI,1027565,Atacadao Goias Norte 576,453,89315,1,1,1,1,1,1,-16.631201,-49.276625
Daniel,89321,10046001,54,93209765057143,Júlia Oliveira Sathler Garcia,Atacadao S.A.,GOI,1027620,Atacadao Itumbiara 571,453,89321,1,1,1,1,1,1,-18.392605,-49.207569
Daniel,89316,10045994,54,93209765057739,Júlia Oliveira Sathler Garcia,Atacadao S.A.,GOI,1027573,Atacadao Perimetral 577,453,89316,1,1,1,1,1,1,-16.645349,-49.310893
Daniel,89314,10045992,54,93209765055957,Júlia Oliveira Sathler Garcia,Atacadao S.A.,GOI,1027557,Atacadao Rio Verde 559,453,89314,1,1,1,1,1,1,-17.805126,-50.921317
Daniel,89317,10045995,54,93209765058700,Júlia Oliveira Sathler Garcia,Atacadao S.A.,GOI,1027581,Atacadao Romeiros 587,453,89317,1,1,1,1,1,1,-16.656618,-49.366893
Daniel,44181,10021292,1584,17457404000292,Júlia Oliveira Sathler Garcia,Dia A Dia Atacado,GAM,747475,Dia Dia Sobradinho,39,44181,1,0,1,0,1,0,-15.656515,-47.78069
Daniel,44189,10022060,1584,17457404000101,Júlia Oliveira Sathler Garcia,Dia A Dia Atacado,GAM,757640,Dia A Dia Ceilandia,39,44189,0,1,0,1,0,0,-15.78388,-48.12113
Daniel,44220,10024373,1584,17457404000454,Júlia Oliveira Sathler Garcia,Dia A Dia Atacado,GAM,782831,Dia A Dia Taguatinga,39,44200,0,1,0,1,0,0,-15.848893,-48.0408
Daniel,44222,10026437,1584,17457404000373,Júlia Oliveira Sathler Garcia,Dia A Dia Atacado,GAM,813524,Dia A Dia Sia,39,44222,1,0,1,0,1,0,-15.8020116666667,-47.9489666666667
Daniel,44247,10030262,1584,17457404000888,Júlia Oliveira Sathler Garcia,Dia A Dia Atacado,GAM,855960,Dia A Dia Sto Antonio,39,44247,0,1,0,1,0,0,-15.9437774,-48.2541976
Daniel,44268,10036297,1584,17457404001779,Júlia Oliveira Sathler Garcia,Dia A Dia Atacado,GAM,917788,Dia A Dia Aguas Claras,39,44268,1,0,1,0,1,0,-15.8336191,-48.0091558
Daniel,44276,10036412,1584,17457404001426,Júlia Oliveira Sathler Garcia,Dia A Dia Atacado,GAM,919071,Dia A Dia Planaltina Go,39,44276,0,1,0,1,0,0,-15.4649115,-47.6022315
Daniel,44291,10038017,1584,17457404001850,Júlia Oliveira Sathler Garcia,Dia A Dia Atacado,GAM,935549,Dia A Dia Ceil Centro,39,44291,0,1,0,1,0,0,-15.8195274,-48.1006125
Daniel,44351,10039009,1584,17457404002406,Júlia Oliveira Sathler Garcia,Dia A Dia Atacado,GAM,948195,Dia A Dia Vp Rua 12,39,44351,0,1,0,1,0,0,-15.7949883,-48.052575
Daniel,44352,10039008,1584,17457404002589,Júlia Oliveira Sathler Garcia,Dia A Dia Atacado,GAM,948209,Dia A Dia Vp Rua 4,39,44352,0,1,0,1,0,0,-15.8145919,-48.0169108
Daniel,44362,10039463,1584,17457404000969,Júlia Oliveira Sathler Garcia,Dia A Dia Atacado,GAM,952508,Dia A Dia Cd.,39,44362,1,1,1,1,1,1,-16.0482765,-47.9727374
Daniel,44385,10040777,1584,17457404002236,Júlia Oliveira Sathler Garcia,Dia A Dia Atacado,GAM,970590,Atacadao Dia A Dia Iii,39,44385,1,0,1,0,1,0,-15.6093102,-47.6524228
Daniel,44420,10042200,1584,17457404002821,Júlia Oliveira Sathler Garcia,Dia A Dia Atacado,GAM,985287,Dia A Dia Jardim Botanico,39,44420,1,0,1,0,1,0,-15.8554911,-47.8194641
Daniel,44465,10045048,1584,17457404003127,Júlia Oliveira Sathler Garcia,Dia A Dia Atacado,GAM,1017993,Dia A Dia Mestre D Armas,39,44465,0,1,0,1,0,0,-15.6119899,-47.6966975
Daniel,44484,10046604,1584,17457404002155,Júlia Oliveira Sathler Garcia,Dia A Dia Atacado,GAM,1033867,Dia A Dia Samambaia,39,44484,0,1,0,1,1,0,-15.8877119,-48.082801
Daniel,44666,10032066,1584,17457404001264,Júlia Oliveira Sathler Garcia,Dia A Dia Atacado,GAM,874680,Dia A Dia P Sul,39,44666,1,0,1,0,1,0,-15.8340576,-48.1137343
Daniel,44785,10033984,1584,17457404000535,Júlia Oliveira Sathler Garcia,Dia A Dia Atacado,GAM,895695,Dia A Dia Gama,39,44785,0,1,0,1,0,0,-16.01644,-48.05901
Daniel,66888,10033935,1584,17457404001507,Júlia Oliveira Sathler Garcia,Dia A Dia Atacado,GAM,895296,Dia A Dia Novo Gama,39,66888,0,1,0,1,0,0,-16.0510049,-48.0299296
Daniel,88979,10027991,1584,17457404000705,Júlia Oliveira Sathler Garcia,Dia A Dia Atacado,GAM,829447,Dia A Dia Luziania,39,88979,1,0,1,0,1,0,-16.24658,-47.91037
Daniel,99991,10031362,1584,17457404001000,Júlia Oliveira Sathler Garcia,Dia A Dia Atacado,GAM,867330,Dia A Dia Aguas Lindas,39,99991,0,1,0,1,0,0,-15.73621,-48.27173
Daniel,40804,10031363,1584,17457404001183,Júlia Oliveira Sathler Garcia,Dia A Dia Atacado,GOI,867314,Dia A Dia Caldas Novas,453,40804,1,0,1,0,1,0,-17.7242,-48.641813
Daniel,44385,10040778,1584,17457404003046,Júlia Oliveira Sathler Garcia,Dia A Dia Atacado,GOI,970603,Dia A Dia Ap. De Goiania,453,44385,1,0,1,0,1,0,-16.826811,-49.243849
Daniel,40805,10033198,1584,17457404001698,Júlia Oliveira Sathler Garcia,Dia A Dia Atacado,GOI,887331,Dia A Dia Novo Horizonte,453,40805,1,0,1,0,1,0,-16.7292,-49.32673
Daniel,5013,10030457,1584,17457404000616,Júlia Oliveira Sathler Garcia,Dia A Dia Atacado,GOI,843776,Dia A Dia Horacio,453,5013,1,0,1,0,1,0,-16.62455,-49.285352
Daniel,89324,10046021,1584,17457404003399,Júlia Oliveira Sathler Garcia,Dia A Dia Atacado,GOI,1027832,Dia A Dia Faicalville,453,89324,1,0,1,0,1,0,-16.74698,-49.307096
Daniel,89121,10038078,1584,17457404002660,Júlia Oliveira Sathler Garcia,Dia A Dia Atacado,GOI,936200,Dia A Dia Goianesia,453,89121,1,0,1,0,1,0,-15.3455252,-49.1164613
Daniel,1102,10016630,911,7738069000166,Júlia Oliveira Sathler Garcia,Super Adega (Co),GAM,603821,Super Adega Sia,39,1102,1,0,1,0,0,0,-15.793515,-47.9480116666667
Daniel,44251,10030471,911,7738069000328,Júlia Oliveira Sathler Garcia,Super Adega (Co),GAM,858200,Super Adega Tag Qnl,39,44251,1,0,1,0,0,0,-15.83414,-48.07454
Daniel,44258,10033549,911,7738069000409,Júlia Oliveira Sathler Garcia,Super Adega (Co),GAM,891371,Sup Adega Jd Botanico,39,44258,1,0,1,0,0,0,-15.8883556,-47.79762
Daniel,44259,10033605,911,15464658000202,Júlia Oliveira Sathler Garcia,Super Adega (Co),GAM,891916,Super Adega Ceilandia,39,44259,1,0,1,0,0,0,-15.834011,-48.072727
Daniel,44425,10042422,911,7738069000590,Júlia Oliveira Sathler Garcia,Super Adega (Co),GAM,987514,Super Adega Gama,39,44425,1,0,1,0,0,0,-15.998782,-48.0511208
Daniel,44479,10046141,911,7738069000751,Júlia Oliveira Sathler Garcia,Super Adega (Co),GAM,1029029,Super Adega Valparaiso,39,44479,1,0,1,0,0,0,-16.0937217,-47.9801433
Daniel,88980,10027990,911,7738069000247,Júlia Oliveira Sathler Garcia,Super Adega (Co),GAM,829455,Super Adega Tag,39,88980,1,0,1,0,0,0,-15.87406,-48.03219
Daniel,64,10010714,54,75315333010171,Júlia Oliveira Sathler Garcia,Atacadao S.A.,GAM,659614,Atacadao - Jandaia,39,64,1,1,1,1,1,1,-10.2386077,-48.31633
Daniel,44516,10046754,54,93209765067106,Júlia Oliveira Sathler Garcia,Atacadao S.A.,GAM,1035282,Palmas Rodoviaria 671,39,44516,1,1,1,1,1,1,-10.2578,-48.3114
Daniel,44497,10047193,1584,17457404003550,Júlia Oliveira Sathler Garcia,Dia A Dia Atacado,GAM,1039687,Dia A Dia Atacado Eptg,39,44497,0,1,0,1,0,0,-15.8155883,-48.0099083
Daniel,44519,10046753,54,93209765067459,Júlia Oliveira Sathler Garcia,Atacadao S.A.,GAM,1035274,Araguaina 674,39,44519,1,1,1,1,1,1,-7.204571,-48.183604
Daniel,44518,10046771,54,93209765067378,Júlia Oliveira Sathler Garcia,Atacadao S.A.,GAM,1035428,Gurupi 673,39,44518,1,1,1,1,1,1,-16.670296,-49.250618
Daniel,44504,10047371,1584,17457404003470,Júlia Oliveira Sathler Garcia,Dia A Dia Atacado,GAM,1041380,Atacadao Dia A Dia S.A,39,44504,0,1,0,1,0,0,-15.905077,-48.0734389
Daniel,44520,10046869,54,93209765068340,Júlia Oliveira Sathler Garcia,Atacadao S.A.,GAM,1036327,277  Palmas  Plano Diretor Sul,39,44520,1,1,1,1,1,1,-10.2109876,-48.3121218
Daniel,44441,10043874,54,75315333034356,Júlia Oliveira Sathler Garcia,Atacadao S.A.,GAM,1003941,Atacadao Areal 343,39,44441,1,1,1,1,1,1,-15.8454678,-48.0405509
Daniel,89323,10046003,54,93209765056767,Júlia Oliveira Sathler Garcia,Atacadao S.A.,GAM,1027646,Atacadao Valparaiso 567,39,89323,1,1,1,1,1,1,-16.670296,-49.250618
Daniel,44204,10024863,395,6057223031808,Mariana Almeida Marques,Assai Comercial E Importadora Ltda,GAM,787981,Assai Sia,39,44204,0,1,0,1,1,0,-15.7941645,-47.9474404
Daniel,44205,10024862,395,6057223032022,Mariana Almeida Marques,Assai Comercial E Importadora Ltda,GAM,788120,Assai Ceilandia Df,39,44205,1,0,0,0,1,0,-15.8205889,-48.100428
Daniel,44212,10025401,395,6057223032375,Mariana Almeida Marques,Assai Comercial E Importadora Ltda,GAM,793558,Assai Valparaiso,39,44212,0,1,0,1,1,0,-16.07962,-47.98805
Daniel,44408,10041450,395,6057223053372,Mariana Almeida Marques,Assai Comercial E Importadora Ltda,GAM,977632,Assai Taguatinga Shopping - Lj 306,39,44408,1,0,1,0,1,0,-15.84204,-48.04217
Daniel,44410,10041612,395,6057223052643,Mariana Almeida Marques,Assai Comercial E Importadora Ltda,GAM,979252,Assai Park - Lj 296,39,44410,0,1,0,1,1,0,-15.8333463,-47.9511425
Daniel,44411,10041613,395,6057223054000,Mariana Almeida Marques,Assai Comercial E Importadora Ltda,GAM,979260,Assai Asa Norte - Lj 309,39,44411,1,0,1,0,1,0,-15.7360208,-47.900854
Daniel,44898,10034046,395,6057223034157,Mariana Almeida Marques,Assai Comercial E Importadora Ltda,GAM,896241,Assai Taguatinga,39,44898,1,0,1,0,1,0,-15.87408,-48.02593
Daniel,88992,10024946,395,6057223022906,Mariana Almeida Marques,Assai Comercial E Importadora Ltda,GOI,788295,Assai Perimetral Lj,453,88992,0,1,0,1,1,0,-16.649495,-49.317898
Daniel,88997,10027127,395,6057223034319,Mariana Almeida Marques,Assai Comercial E Importadora Ltda,GOI,820474,Assai Independencia,453,88997,1,0,1,0,1,0,-16.662932,-49.254622
Daniel,88991,10024945,395,6057223023031,Mariana Almeida Marques,Assai Comercial E Importadora Ltda,GOI,788287,Assaí At Go,453,88991,0,1,0,1,1,0,-16.743703,-49.281184
Daniel,88900,10030129,395,6057223037253,Mariana Almeida Marques,Assai Comercial E Importadora Ltda,GOI,854743,Assai Rio Verde Go,453,88900,1,0,0,0,1,0,-17.808227,-50.922572
Daniel,89122,10038110,395,6057223044110,Mariana Almeida Marques,Assai Comercial E Importadora Ltda,GOI,936537,Assai Caldas Novas G,453,89122,1,0,1,0,1,0,-17.721725,-48.640017
Daniel,88998,10027239,395,6057223034408,Mariana Almeida Marques,Assai Comercial E Importadora Ltda,GOI,821853,Assai T9,453,88998,0,0,1,0,1,0,-16.709685,-49.311246
Daniel,75444,10033762,395,6057223039205,Mariana Almeida Marques,Assai Comercial E Importadora Ltda,GOI,893293,Assai Anapolis,453,20,0,1,0,1,1,0,-16.312312,-48.951757
Daniel,89247,10041467,395,6057223054344,Mariana Almeida Marques,Assai Comercial E Importadora Ltda,GOI,977799,Assai Av Portugal - Lj 310,453,89247,1,0,1,0,1,0,-16.692834,-49.270659
Anna Clara,44308,10037605,1981,33496339000180,Mariana Almeida Marques,Mb Distribuicao,GAM,931233,Mb Distribuicao,39,44308,0,0,0,0,1,1,-15.9114598,-47.7583633
Anna Clara,44318,10037608,1982,29761779000492,Mariana Almeida Marques,Melhor Atacadista (Df),GAM,931454,Melhor Guara,39,44318,0,0,1,0,0,0,-15.84836,-47.96442
Anna Clara,44319,10037609,1982,29761779000573,Mariana Almeida Marques,Melhor Atacadista (Df),GAM,931470,Melhor Areal,39,44319,0,0,1,0,0,0,-15.8634368,-48.0242221
Anna Clara,44341,10038295,1982,29761779000654,Mariana Almeida Marques,Melhor Atacadista (Df),GAM,938424,Melhor Riacho Fundo,39,44341,0,0,1,0,0,0,-15.9073573,-48.0499277
Anna Clara,55987,10035781,757,35370064000240,Mariana Almeida Marques,Precito,GAM,912310,Precito Atacadao Df,39,18,0,1,0,0,1,1,-15.7908541,-48.0212646
Anna Clara,89214,10039206,757,35370064000401,Mariana Almeida Marques,Precito,GOI,949825,Precito Aparecida Goiania,453,89214,0,0,1,0,0,1,-16.74965,-49.25369
Anna Clara,44265,10035920,1832,21079662000179,Mariana Almeida Marques,Show de Comprar,GAM,913928,Show De Comprar,39,44265,0,1,0,0,0,1,-15.7914475,-48.0342068
Anna Clara,44279,10036501,1832,35397692000138,Mariana Almeida Marques,Show De Comprar,GAM,920010,Show Comprar Rec Das Emas,39,44279,0,1,0,0,0,1,-15.9119258,-48.051795
Anna Clara,44365,10039614,1832,18750070000122,Mariana Almeida Marques,Show De Comprar,GAM,954349,Show De Comprar Cd,39,44365,1,1,1,1,1,1,-15.7917118,-48.0331737
Anna Clara,90728,10035921,1832,17270165000186,Mariana Almeida Marques,Show de Comprar,GAM,913936,Show De Comprar Depa,39,90728,1,1,1,1,1,1,-15.8174995681049,-48.125216979852
Wesley,55988,10033464,482,3083231003381,Mariana Almeida Marques,Villefort,GOI,890260,Villefort Jatai,453,55988,1,0,0,1,0,0,-17.87406,-51.73326
Wesley,89295,10045202,482,3083231004272,Mariana Almeida Marques,Villefort,GOI,1019546,Villefort Goiania,453,89295,0,1,0,1,0,0,-16.608332,-49.308111
Anna Paula,4585,10038414,1964,24118896000176,Renato Bocardi,Amarreto,CUI,939560,Amaretto Emporio,455,4585,0,0,0,1,0,0,-15.513475000000001,-56.179134999999995
Stella,9529,10024902,395,6057223029153,Paulo Augusto Gama da Silva,Assai Comercial E Importadora Ltda,CUI,788171,Assai Coxipo,455,9529,1,1,1,1,1,1,-15.62934,-56.05272
Stella,16921,10038756,395,6057223044462,Paulo Augusto Gama da Silva,Assai Comercial E Importadora Ltda,CUI,945129,Assai Rondonopolis 2,455,16921,1,1,1,1,1,1,-16.448226666666667,-54.62303
Stella,9530,10024849,395,6057223028262,Paulo Augusto Gama da Silva,Assai Comercial E Importadora Ltda,CUI,788201,Assai Cristo Rei,455,9530,1,1,1,1,1,1,-15.6385048,-56.1020352
Stella,45612,10035528,395,6057223041870,Paulo Augusto Gama da Silva,Assai Comercial E Importadora Ltda,CUI,911828,Assai Sinop,455,45612,1,1,1,1,1,1,-11.8544361,-55.4958324
Stella,16758,10037761,395,6057223042508,Paulo Augusto Gama da Silva,Assai Comercial E Importadora Ltda,CUI,932981,Assai Jd Das Americas,455,16758,1,1,1,1,1,1,-15.60767937451601,-56.07778717763722
Stella,9531,10024848,395,6057223029072,Paulo Augusto Gama da Silva,Assai Comercial E Importadora Ltda,CUI,788210,Assai Rondonopolis,455,9531,1,1,1,1,1,1,-16.4657683,-54.6443372
Stella,16785,10037958,395,6057223044039,Paulo Augusto Gama da Silva,Assai Comercial E Importadora Ltda,CUI,934976,Sendas Distribuidora S/A,455,16785,1,1,1,1,1,1,-15.6671929,-55.9739388
Anna Paula,91722,10037084,1961,9364747000284,Renato Bocardi,ATACADO MENDONCA,CUI,926400,Atacado Mendonca.,455,91722,1,1,1,1,1,1,-15.64593,-56.18495
Anna Paula,51454,10014269,465,73909400000198,Renato Bocardi,Big Lar,CUI,164380,Big Lar Varzea Grande,455,51454,0,0,1,0,1,0,-15.64905,-56.13921
Anna Paula,15938,10019174,465,73909400000350,Renato Bocardi,Big Lar,CUI,283258,Big Lar Miguel Sutil,455,15938,0,0,0,1,1,0,-15.58331,-56.11113
Anna Paula,2125,10018912,465,73909400000430,Renato Bocardi,Big Lar,CUI,381721,Big Lar Tres Americas,455,2125,0,0,0,1,1,0,-15.60939,-56.0693
Anna Paula,4950,10010959,465,73909400000783,Renato Bocardi,Big Lar,CUI,696153,Big Lar Cd,455,4950,0,0,0,1,1,0,-15.64526,-56.18286
Anna Paula,14510,10037577,2022,14739053000303,Renato Bocardi,Bom Jesus Co,CUI,931217,Bom Jesus Sao Mateus,455,14510,0,0,0,0,1,0,-15.6671874,-56.1829407
Anna Paula,5834,10037575,2022,14739053000133,Renato Bocardi,Bom Jesus Co,CUI,931195,Bom Jesus Indust,455,5834,0,0,1,0,0,1,-15.64506,-55.97255
Anna Paula,9628,10037758,2022,14739053000214,Renato Bocardi,Bom Jesus Co,CUI,932957,Bom Jesus Moinho,455,9628,0,1,1,0,0,0,-15.6123233,-56.0524033
Anna Paula,24170,10044708,2022,14739053001105,Renato Bocardi,Bom Jesus Co,CUI,1014617,Bom Jesus Cohab Cristo Rei,455,24170,1,0,0,0,1,0,-15.6597909,-56.0983843
Anna Paula,24171,10044709,2022,14739053000990,Renato Bocardi,Bom Jesus Co,CUI,1014625,Bom Jesus Parque Cuiaba,455,24171,1,0,1,0,0,0,-15.6582116,-56.0504663
Anna Paula,24172,10044710,2022,14739053001024,Renato Bocardi,Bom Jesus Co,CUI,1014633,Bom  Jesus Cristo  Rei,455,24172,1,0,0,0,1,0,-15.6539163,-56.0988819
Anna Paula,16794,10038006,2022,14739053000648,Renato Bocardi,Bom Jesus Co,CUI,935433,Supermercado Bom Jesus S J Del Rei,455,16794,0,0,1,0,0,1,-15.6152918,-56.0030015
Anna Paula,19742,10041456,2022,14739053000729,Renato Bocardi,Bom Jesus Co,CUI,977683,Bom Jesus Pedra 90 (10),455,19742,0,0,0,0,1,1,-15.6352005004883,-55.9490051269531
Anna Paula,3136,10037733,1958,5902015000240,Renato Bocardi,Dia A Dia,CUI,610771,Dia Dia Pedra 90,455,3136,0,0,1,0,0,1,-15.6320241,-55.9577224
Anna Paula,3126,10037689,1958,5902015000169,Renato Bocardi,Dia A Dia,CUI,602043,Dia Dia Planalto,455,3126,0,1,0,1,0,0,-15.585154,-56.049199
Anna Paula,3127,10037690,1958,5902015000320,Renato Bocardi,Dia A Dia,CUI,602051,Dia Dia Leblon,455,3127,0,1,0,1,0,0,-15.5957706600668,-56.0761360273916
Anna Paula,21646,10042385,1958,5902015000673,Renato Bocardi,Dia A Dia,CUI,987166,Dia Dia Julio Campos,455,21646,1,0,0,0,1,0,-15.6462204,-56.1529533
Anna Paula,16386,10037590,1958,5902015000401,Renato Bocardi,Dia A Dia,CUI,931357,Dia Dia 15 Maio,455,16386,1,0,0,0,1,0,-15.7043515,-56.1311366
Anna Paula,17630,10039752,1958,5902015000592,Renato Bocardi,Dia A Dia,CUI,955809,Dia Dia Jd Vitoria Lt,455,17630,0,1,0,1,0,0,-15.5757435,-56.0345911
Anna Paula,2207,10037688,1958,2522335000103,Renato Bocardi,Dia A Dia,CUI,601497,Dia Dia Cpa Iii,455,2207,0,1,0,1,0,0,-15.5615628,-56.0446899
Anna Paula,4666,10038439,2042,1835680000207,Renato Bocardi,Fenix (Co),CUI,939595,Fenix Superm Jaciara,455,4666,0,0,1,0,1,0,-15.58472,-56.03469
Anna Paula,254,10038433,2042,1835680000126,Renato Bocardi,Fenix (Co),CUI,940100,Supermerc Fenix,455,254,0,0,1,0,1,0,-15.968089999999998,-54.964398333333335
Anna Paula,1238,10038443,2043,2815503000140,Renato Bocardi,Goncalves (Co),CUI,939803,Superm Goncalves,455,1238,1,1,0,0,0,0,-16.4371378,-54.6406812
Anna Paula,91,10038445,2043,36884609000118,Renato Bocardi,Goncalves (Co),CUI,940089,Supermerc Goncalves,455,91,1,1,0,0,0,0,-16.4649006,-54.6082719
Anna Paula,3391,10038441,2043,11858275000187,Renato Bocardi,Goncalves (Co),CUI,939528,Goncalves Supermerca,455,3391,1,1,0,0,0,0,-16.4606033,-54.6727433
Stella,15982,10036234,757,35370064000320,Renato Bocardi,Precito,CUI,917230,Precito Atacado,455,6680,0,0,0,0,1,0,-16.4673366546631,-54.6462516784668
Anna Paula,2339,10038417,1984,5931411000629,Renato Bocardi,Rede Big Master Centro,CUI,939587,Supermercado Big Master,455,2339,1,1,1,1,1,1,-16.47997333333333,-54.627653333333335
Anna Paula,93091,10037593,1942,883215000106,Renato Bocardi,Rede Curio,CUI,931241,Curio Cidade Alta,455,93091,0,1,0,1,0,0,-15.6105183,-56.12082
Anna Paula,15503,10037592,1942,883215000289,Renato Bocardi,Rede Curio,CUI,931250,Curio Praca Popular,455,15503,0,1,0,0,1,0,-15.5946979,-56.1048777
Anna Paula,20777,10041727,1942,883215000360,Renato Bocardi,Rede Curio,CUI,980404,Curio Avenida Do Cpa,455,20777,0,1,0,1,0,0,-15.5860272,-56.0820894
Anna Paula,16807,10038186,1942,883215000521,Renato Bocardi,Rede Curio,CUI,937312,Supermercado Curio Jd Cuiaba,455,16807,0,1,1,1,0,0,-15.5949244,-56.1209914
Anna Paula,99975,10037573,1959,13679391000164,Renato Bocardi,Rede Paulista,CUI,931594,Paulista Florianopolis,455,99975,0,1,0,1,0,0,-15.5413603,-56.0788331
Anna Paula,7011,10037598,1959,8800033000128,Renato Bocardi,Rede Paulista,CUI,931659,Paulista Pocao.,455,7011,0,1,1,0,0,0,-15.60392124,-56.08792734
Anna Paula,14598,10037599,1959,36737442000162,Renato Bocardi,Rede Paulista,CUI,931284,Paulista Imperial,455,14598,0,0,1,0,1,0,-15.6218333,-56.17002
Anna Paula,99315,10037604,1959,7114891000237,Renato Bocardi,Rede Paulista,CUI,931292,Paulista Indust,455,99315,0,0,1,0,0,1,-15.6457340719779,-55.9797166176716
Anna Paula,2648,10037595,1959,2538763000116,Renato Bocardi,Rede Paulista,CUI,931268,Paulista  M3,455,2648,0,1,1,0,0,0,-15.6109626442789,-56.0340040225407
Anna Paula,92881,10037602,1959,7114891000156,Renato Bocardi,Rede Paulista,CUI,931276,Paulista Cristo Rei,455,92881,1,0,1,0,0,0,-15.6404038,-56.1050573
Anna Paula,28150,10047639,1959,36737442000243,Renato Bocardi,Rede Paulista,CUI,1043951,PAULISTA CAPAO DO PEQUI,455,28150,1,0,1,0,0,0,-15.7197824,-56.137449
Anna Paula,5742,10037597,1959,7373832000100,Renato Bocardi,Rede Paulista,CUI,931640,Paulista Coxipo.,455,5742,0,1,1,0,0,0,-15.6286128694462,-56.0564549653605
Anna Paula,4650,10038449,1985,23014826000105,Renato Bocardi,Rede Tropical,CUI,940070,Tropi Sup Cd Matriz,455,4650,1,1,1,1,1,1,-16.4290911,-54.611671
Anna Paula,4823,10038427,1965,22567308000156,Renato Bocardi,Vieira,CUI,939862,Supermerc Vieira,455,4823,1,0,0,1,0,0,-16.4400376,-54.6517295
Anna Paula,5461,10038426,1965,22567308000237,Renato Bocardi,Vieira,CUI,939854,Supermercado Vieira 4,455,5461,1,0,0,1,0,0,-15.6156245230207,-55.9970941148952
Anna Paula,3523,10038450,1965,12393106000181,Renato Bocardi,Vieira,CUI,939790,Vieira Ii Supermerca,455,3523,1,0,0,1,0,1,-16.4641437714994,-54.6768313253239
Anna Paula,253,10038428,1965,33700493000121,Renato Bocardi,Vieira,CUI,940135,Supermercado Vieira.,455,253,1,0,0,1,0,0,-16.43831454,-54.62788546
Wesley,44234,10027262,955,27289076000216,Yasmin Rodrigues Araújo da Silva,Atacadao Costa,GAM,822027,Costa Valparaiso,39,44234,1,1,1,1,1,1,-16.080604,-47.9886108
Wesley,44416,10041978,955,27289076001026,Yasmin Rodrigues Araújo da Silva,Atacadao Costa,GAM,983020,Costa Aguas Claras,39,44416,1,1,1,1,1,1,-15.8310659,-48.035749
Wesley,44430,10043246,955,27289076001298,Yasmin Rodrigues Araújo da Silva,Atacadao Costa,GAM,996130,Costa Luziania,39,44430,1,1,1,1,1,1,-16.2505042,-47.9235746
Wesley,44433,10043622,955,27289076001379,Yasmin Rodrigues Araújo da Silva,Atacadao Costa,GAM,999873,Costa Ade,39,44433,1,1,1,1,1,1,-15.875619,-47.9956177
Wesley,44434,10043623,955,27289076001450,Yasmin Rodrigues Araújo da Silva,Atacadao Costa,GAM,999881,Costa   Taguatinga,39,44434,1,1,1,1,1,1,-15.8082427,-48.0823457
Wesley,44435,10043624,955,27289076001530,Yasmin Rodrigues Araújo da Silva,Atacadao Costa,GAM,999890,Costa Santa   Maria,39,44435,1,1,1,1,1,1,-15.9984485,-47.9867906
Wesley,44437,10043627,955,27289076001611,Yasmin Rodrigues Araújo da Silva,Atacadao Costa,GAM,999920,Costa   Taquari,39,44437,1,1,1,1,1,1,-15.6937335,-47.8690736
Wesley,9006,10032528,955,27289076000305,Yasmin Rodrigues Araújo da Silva,Atacadao Costa,GOI,879606,Costa Jardim Goias,453,9006,1,1,1,1,1,1,-16.714024,-49.235127
Wesley,89093,10036533,955,27289076000569,Yasmin Rodrigues Araújo da Silva,Atacadao Costa,GOI,920347,Costa Anel Viario,453,89093,1,1,1,1,1,1,-16.748311,-49.341024
Wesley,89238,10040407,955,27289076000801,Yasmin Rodrigues Araújo da Silva,Atacadao Costa,GOI,966525,Atacadao Costa,453,89238,1,1,1,1,1,1,-16.659761,-49.261683
Wesley,89094,10036534,955,27289076000640,Yasmin Rodrigues Araújo da Silva,Atacadao Costa,GOI,920355,Costa Go 070,453,89094,1,1,1,1,1,1,-16.64014,-49.339845
Wesley,9005,10027977,955,27289076000135,Yasmin Rodrigues Araújo da Silva,Atacadao Costa,GOI,829269,Costa T-63,453,9005,1,1,1,1,1,1,-16.714974,-49.257559
Wesley,89309,10045865,955,27289076001964,Yasmin Rodrigues Araújo da Silva,Atacadao Costa,GOI,1026291,Costa Jardim Bela Vista,453,89309,1,1,1,1,1,1,-16.730492,-49.229295
Wesley,89241,10041091,955,27289076000720,Yasmin Rodrigues Araújo da Silva,Atacadao Costa,GOI,973777,Costa Rio Verde,453,89241,1,1,1,1,1,1,-17.818442,-50.945743
Wesley,89340,10047056,955,27289076000992,Yasmin Rodrigues Araújo da Silva,Atacadao Costa,GOI,1038338,Costa Senador Canedo,453,89340,1,1,1,1,1,1,-16.678504,-49.120572
Wesley,3243,10014863,1672,9039659000126,Yasmin Rodrigues Araújo da Silva,Atende Mais,GOI,609811,Atende Mais Anapolis,453,22,0,0,0,1,0,0,-16.34929,-48.957583
Wesley,88989,10020459,1624,17337527000109,Yasmin Rodrigues Araújo da Silva,CENTRO FORTE,GOI,734500,Centro Forte,453,24,0,1,0,0,0,1,-16.3138946,-48.95330798
Wesley,4800,10024328,1589,23615383000108,Yasmin Rodrigues Araújo da Silva,Di Casa,GOI,782505,Dicasa Supermercados,453,25,0,1,0,0,0,0,-16.29321,-48.96813
Wesley,89260,10042752,1589,23615383000299,Yasmin Rodrigues Araújo da Silva,Di Casa,GOI,991090,Dicasa Supermercados 02,453,89260,0,1,0,0,0,0,-16.283844,-48.964735
Wesley,3040,10020016,875,14200272000301,Yasmin Rodrigues Araújo da Silva,Floresta,GOI,727792,Floresta 3,453,28,0,0,1,0,0,0,-16.32511,-48.91825
Wesley,3567,10010050,875,14200272000140,Yasmin Rodrigues Araújo da Silva,Floresta,GOI,701521,Super Floresta Centro,453,33,0,0,1,0,0,0,-16.324407,-48.957752
Wesley,3566,10008934,875,14200272000220,Yasmin Rodrigues Araújo da Silva,Floresta,GOI,707120,Floresta 02 Alim,453,27,0,0,1,0,0,0,-16.317587,-48.957972
Wesley,4015,10011188,17,39346861023102,Yasmin Rodrigues Araújo da Silva,G. Barbosa,GOI,696234,Bretas Cd Lj 52,453,4015,0,0,0,0,1,0,-16.72451,-49.24011
Wesley,4004,10010888,17,39346861022726,Yasmin Rodrigues Araújo da Silva,G. Barbosa,GOI,690163,Bretas Lisboa Lj 38,453,4004,0,0,0,1,1,0,-16.76923,-49.35212
Wesley,4013,10010830,17,39346861024508,Yasmin Rodrigues Araújo da Silva,G. Barbosa,GOI,690252,Bretas B.Cardoso Lj244,453,4013,0,1,0,1,1,1,-16.76734,-49.32141
Wesley,4011,10012224,17,39346861025156,Yasmin Rodrigues Araújo da Silva,G. Barbosa,GOI,690236,Bretas Veiga Jd Lj231,453,4011,0,0,0,0,1,1,-16.786858,-49.279657
Wesley,4012,10011603,17,39346861025318,Yasmin Rodrigues Araújo da Silva,G. Barbosa,GOI,690244,Bretas Morada Do Sol L233,453,4012,1,0,0,0,1,1,-16.6186067,-49.3210239
Wesley,4007,10010125,17,39346861023021,Yasmin Rodrigues Araújo da Silva,G. Barbosa,GOI,690198,Bretas T.2  Lj 51,453,4007,0,0,0,0,1,0,-16.684118,-49.293547
Wesley,4070,10020993,17,39346861024184,Yasmin Rodrigues Araújo da Silva,G. Barbosa,GOI,741841,Bretas Sao Jose,453,4070,0,1,0,0,1,1,-16.662896,-49.29833
Wesley,4051,10024420,17,39346861024346,Yasmin Rodrigues Araújo da Silva,G. Barbosa,GOI,783471,Bretas Goya,453,4051,0,0,0,1,0,0,-16.6801,-49.327582
Wesley,4005,10010241,17,39346861022807,Yasmin Rodrigues Araújo da Silva,G. Barbosa,GOI,690171,Bretas Ana Lucia Lj41,453,4005,0,0,0,0,1,0,-16.697542,-49.313904
Wesley,88979,10012069,17,39346861023617,Yasmin Rodrigues Araújo da Silva,G. Barbosa,GOI,705462,Bretas Agua Branca,453,88979,0,1,0,0,1,1,-16.697823,-49.216515
Wesley,88980,10011218,17,39346861025237,Yasmin Rodrigues Araújo da Silva,G. Barbosa,GOI,705900,Bretas Caldas Novas,453,88980,0,0,0,1,0,0,-17.74512,-48.62266
Wesley,4080,10021977,17,39346861025822,Yasmin Rodrigues Araújo da Silva,G. Barbosa,GOI,756792,Bretas Anápolis,453,4080,0,0,0,1,0,0,-16.321806,-48.948148
Wesley,4001,10010780,17,39346861022483,Yasmin Rodrigues Araújo da Silva,G. Barbosa,GOI,690139,Bret. Centro Lj 27,453,4001,0,0,0,0,1,0,-16.67544,-49.26317
Wesley,4044,10019746,17,39346861025903,Yasmin Rodrigues Araújo da Silva,G. Barbosa,GOI,724335,Bretas Monte Cristo,453,4044,0,0,0,1,0,0,-16.824159,-49.278521
Wesley,4030,10005381,17,39346861037405,Yasmin Rodrigues Araújo da Silva,G. Barbosa,GOI,709859,Bretas Sen.Canedo,453,4030,0,0,0,1,0,0,-16.689476,-49.108893
Wesley,4010,10010133,17,39346861024931,Yasmin Rodrigues Araújo da Silva,G. Barbosa,GOI,690228,Bretas Vl Pedroso Lj219,453,4010,0,0,0,1,0,0,-16.658578,-49.187171
Wesley,4016,10012314,17,39346861034147,Yasmin Rodrigues Araújo da Silva,G. Barbosa,GOI,695793,Bretas Legionario Lj516,453,4016,0,0,1,0,1,1,-16.73053,-49.23416
Wesley,4009,10010218,17,39346861024850,Yasmin Rodrigues Araújo da Silva,G. Barbosa,GOI,690210,Bretas Bueno Lj 215,453,4009,0,1,0,0,0,0,-16.70878,-49.27414
Wesley,4021,10012940,17,39346861025580,Yasmin Rodrigues Araújo da Silva,G. Barbosa,GOI,695947,Bretas Itumbiara Lj235,453,4021,0,0,1,0,1,0,-18.40952,-49.20756
Wesley,4040,10010296,17,39346861022300,Yasmin Rodrigues Araújo da Silva,G. Barbosa,GOI,704423,Bretas Rio Verde (Cencosud),453,4040,0,1,1,0,0,0,-17.78945,-50.9193
Wesley,4017,10012246,17,39346861034066,Yasmin Rodrigues Araújo da Silva,G. Barbosa,GOI,695807,Bretas Jaragua Lj 25 (Cenc),453,4017,0,0,0,0,1,0,-16.65354,-49.25289
Wesley,4020,10008783,17,39346861023536,Yasmin Rodrigues Araújo da Silva,G. Barbosa,GOI,696293,Bretas Catalao Lj54,453,4020,1,1,0,0,0,0,-18.17013,-47.95491
Wesley,4022,10021506,17,39346861025407,Yasmin Rodrigues Araújo da Silva,G. Barbosa,GOI,749974,Bretas Jatai Shopping,453,4022,1,0,0,0,0,0,-17.871563,-51.73026
Wesley,4006,10010178,17,39346861022998,Yasmin Rodrigues Araújo da Silva,G. Barbosa,GOI,690180,Bretas Armazem Lj 45,453,4006,0,1,0,0,0,0,-16.703788,-49.267747
Wesley,88990,10021702,17,39346861024001,Yasmin Rodrigues Araújo da Silva,G. Barbosa,GOI,753580,Bretas Mineiros,453,88990,1,0,0,0,0,0,-17.549412,-52.543544
Wesley,4045,10006859,17,39346861025660,Yasmin Rodrigues Araújo da Silva,G. Barbosa,GOI,711136,Bretas Formosa,453,147,0,1,0,0,1,0,-15.547307,-47.324354
Wesley,4025,10010383,17,39346861043138,Yasmin Rodrigues Araújo da Silva,G. Barbosa,GOI,716065,Bretas Aguas Lindas,453,44452,1,1,1,1,1,1,-15.73484942,-48.27441764
Wesley,4227,10014913,161,148007000155,Yasmin Rodrigues Araújo da Silva,Moreira,GOI,180220,Moreirinha/Coimbra,453,4227,0,0,0,1,0,0,-16.686133,-49.282856
Wesley,89128,10038490,877,17350225000332,Yasmin Rodrigues Araújo da Silva,Rede Rv,GOI,940410,Emporio Jardins,453,89128,0,0,1,0,0,0,-16.71757,-49.203346
Wesley,4442,10020010,877,17350225000170,Yasmin Rodrigues Araújo da Silva,Rede Rv,GOI,727733,Emporio Jamei,453,4442,0,0,1,0,0,0,-16.704615,-49.239067
Wesley,4441,10035243,877,36770574000277,Yasmin Rodrigues Araújo da Silva,Rede Rv,GOI,908932,Rv Catalao,453,4441,1,1,0,0,0,0,-18.17156,-47.96728
Wesley,7550,10024558,877,17350225000251,Yasmin Rodrigues Araújo da Silva,Rede Rv,GOI,784885,Emporio 85,453,7550,0,0,1,0,0,0,-16.70224,-49.26461
Wesley,4440,10010407,877,12149165000370,Yasmin Rodrigues Araújo da Silva,Rede Rv,GOI,679739,Rv Jundiai,453,30,0,1,0,0,0,0,-16.32872,-48.9469
Wesley,89333,10046769,877,36770574000358,Yasmin Rodrigues Araújo da Silva,Rede Rv,GOI,1035398,Rv Pecuaria,453,89333,1,0,0,0,1,0,-16.343616,-48.969518
Wesley,89250,10041489,877,36770574000196,Yasmin Rodrigues Araújo da Silva,Rede Rv,GOI,978035,Rv  Maracana,453,149,1,0,0,0,0,0,-16.316918,-48.952607
Wesley,89217,10039487,1676,10912900000916,Yasmin Rodrigues Araújo da Silva,Rede Rv Atacado,GOI,952753,Rv Jk,453,89217,0,1,0,1,0,0,-16.35491,-48.933545
Wesley,44501,10047312,877,17350225000502,Yasmin Rodrigues Araújo da Silva,Rede Rv,GAM,1040863,Emporio Prime Park,39,44501,1,0,0,0,0,0,-15.834131,-47.9549241
Wesley,89114,10037808,918,40693341000295,Yasmin Rodrigues Araújo da Silva,Sup Brasil (Go),GOI,933325,Supermercados Brasil 3e,453,89114,0,0,0,0,1,0,-16.73386,-49.256452
Wesley,89325,10046142,918,40693341000538,Yasmin Rodrigues Araújo da Silva,Sup Brasil (Go),GOI,1029037,Sup Brasil Go,453,89325,0,0,0,0,1,0,-16.623023,-49.222164
Wesley,45772,10015651,880,73456287000132,Yasmin Rodrigues Araújo da Silva,Sup. Leve,GOI,181366,Supermercado Leve,453,45772,0,1,0,0,0,0,-16.670978,-49.241438
Wesley,89240,10040739,881,37629995000830,Yasmin Rodrigues Araújo da Silva,Sup. Pro Brazilian,GOI,970212,Pro Brazilian,453,89240,0,0,1,0,0,0,-16.709373,-49.32219
Wesley,6526,10015007,881,37629995000164,Yasmin Rodrigues Araújo da Silva,Sup. Pro Brazilian,GOI,600563,Pro-Brazilian Aeroporto,453,6526,0,1,0,0,0,0,-16.676834,-49.266472
Wesley,6362,10032849,881,37629995000679,Yasmin Rodrigues Araújo da Silva,Sup. Pro Brazilian,GOI,883034,Pro Braz Pq Amazonia,453,6362,0,0,0,1,0,0,-16.72383,-49.27147
Wesley,53340,10015692,881,37629995000245,Yasmin Rodrigues Araújo da Silva,Sup. Pro Brazilian,GOI,600555,Pro-Brazilian 5av,453,53340,0,0,1,0,0,0,-16.66173,-49.24587
Wesley,6363,10034620,881,37629995000750,Yasmin Rodrigues Araújo da Silva,Sup. Pro Brazilian,GOI,902470,Pro Braz Jd Atlantico,453,6363,0,0,0,1,0,0,-16.73457,-49.30741
Wesley,1087,10014282,881,37629995000598,Yasmin Rodrigues Araújo da Silva,Sup. Pro Brazilian,GOI,611280,Supermercado Pro Brazilia,453,1087,0,0,0,0,1,0,-16.6229,-49.2843
Wesley,2475,10015738,881,37629995000326,Yasmin Rodrigues Araújo da Silva,Sup. Pro Brazilian,GOI,600547,Pro-Brazilian Jd America,453,2475,0,0,1,0,0,0,-16.70857,-49.28783
Wesley,3237,10011022,1153,5742607000160,Yasmin Rodrigues Araújo da Silva,Super Mercado Vip,GOI,645893,Hiper Vip Shopping,453,29,0,1,0,0,0,0,-16.301983,-48.948421
Wesley,3251,10027684,882,27895447000122,Yasmin Rodrigues Araújo da Silva,Super Store,GOI,826308,Store Bela Vista,453,3251,1,0,0,0,0,0,-16.72051,-49.26286
Wesley,4046,10019887,882,12279637000490,Yasmin Rodrigues Araújo da Silva,Super Store,GOI,724661,Store Fama,453,4046,1,0,0,0,0,0,-16.659693,-49.274025
Wesley,3250,10011560,882,12279637000148,Yasmin Rodrigues Araújo da Silva,Super Store,GOI,672750,Store Napoli,453,3250,1,0,0,0,0,0,-16.707608,-49.326871
Wesley,3265,10035179,882,36377568000173,Yasmin Rodrigues Araújo da Silva,Super Store,GOI,908339,Store Jd Salvador,453,3265,1,0,0,0,0,0,-16.656139,-49.487532
Wesley,3226,10014293,882,6187145000120,Yasmin Rodrigues Araújo da Silva,Super Store,GOI,600571,Super Store Trindade,453,3226,1,0,0,0,0,0,-16.648815,-49.492088
Wesley,3230,10015052,882,6187145000200,Yasmin Rodrigues Araújo da Silva,Super Store,GOI,600610,Super Store Campinas,453,3230,1,0,0,0,0,0,-16.672636,-49.291531
Wesley,3290,10021177,882,20423792000114,Yasmin Rodrigues Araújo da Silva,Super Store,GOI,745707,Store Aparecida,453,3290,1,0,0,0,0,0,-16.824308,-49.283832
Wesley,89212,10038912,882,27895447000203,Yasmin Rodrigues Araújo da Silva,Super Store,GOI,947270,Store Rio Verde.,453,89212,0,0,1,0,0,0,-17.801122,-50.938417
Wesley,3270,10010355,882,12290841000160,Yasmin Rodrigues Araújo da Silva,Super Store,GOI,673714,Store Urias,453,3270,1,0,0,0,0,0,-16.640566,-49.273992
Wesley,3252,10027945,882,12279637000571,Yasmin Rodrigues Araújo da Silva,Super Store,GOI,828939,Store Shopping America,453,3252,1,0,0,0,0,0,-16.654564,-49.38406
Wesley,3260,10010449,882,12319700000122,Yasmin Rodrigues Araújo da Silva,Super Store,GOI,673706,Store Candida,453,3260,1,0,0,0,0,0,-16.65136,-49.321948
Wesley,89261,10042905,882,49052134000145,Yasmin Rodrigues Araújo da Silva,Super Store,GOI,992704,Store Mansoes,453,89261,1,0,0,0,0,0,-16.784031,-49.2782
Wesley,5032,10019428,882,12279637000300,Yasmin Rodrigues Araújo da Silva,Super Store,GOI,719650,Store Rio Verde,453,5032,1,0,0,0,0,0,-16.73861,-49.27209
Wesley,89090,10036461,883,7503617000179,Yasmin Rodrigues Araújo da Silva,Super Vi,GOI,919535,Supervi Residencial Ipe,453,89090,0,0,0,1,0,0,-16.596227,-49.256453
Wesley,3838,10006510,883,7503617001493,Yasmin Rodrigues Araújo da Silva,Super Vi,GOI,703281,Supervi Sen.Canedo,453,3838,0,0,0,1,0,0,-16.65273,-49.15594
Wesley,89091,10036462,883,7503617001574,Yasmin Rodrigues Araújo da Silva,Super Vi,GOI,919543,Supervi Shop Cidade Jardim,453,89091,0,0,0,1,0,0,-16.68201,-49.314462
Wesley,9010,10010895,883,7503617001140,Yasmin Rodrigues Araújo da Silva,Super Vi,GOI,667811,Supervi Jd Alexandrina,453,40,0,0,1,0,0,0,-16.297264,-48.964893000000004
Wesley,88933,10010769,883,7503617001221,Yasmin Rodrigues Araújo da Silva,Super Vi,GOI,666335,Supervi,453,34,0,0,0,1,0,0,-16.34416,-48.93604
Wesley,3220,10015037,883,7503617000411,Yasmin Rodrigues Araújo da Silva,Super Vi,GOI,600393,Supervi Centro,453,37,0,0,0,1,0,0,-16.329014,-48.959233
Wesley,3219,10015740,883,7503617000250,Yasmin Rodrigues Araújo da Silva,Super Vi,GOI,600385,Supervi Jardim Goiano,453,39,0,0,1,0,0,0,-16.336392,-48.967655
Wesley,3217,10014260,883,7503617000764,Yasmin Rodrigues Araújo da Silva,Super Vi,GOI,600369,Supervi Jardim America,453,38,0,0,1,0,0,0,-16.3499,-48.943
Wesley,3215,10015011,883,7503617000500,Yasmin Rodrigues Araújo da Silva,Super Vi,GOI,600342,Supervi Ana Jacinta,453,35,0,0,1,0,0,0,-16.32417,-48.939848
Wesley,3216,10014974,883,7503617000330,Yasmin Rodrigues Araújo da Silva,Super Vi,GOI,600350,Supervi Vila Jaiara,453,42,0,0,1,0,0,0,-16.28418,-48.97202
Wesley,3214,10014460,883,7503617000683,Yasmin Rodrigues Araújo da Silva,Super Vi,GOI,600326,Supervi Avenida 25,453,36,0,0,1,0,0,0,-16.28548,-48.92522
Wesley,3221,10014322,883,7503617000845,Yasmin Rodrigues Araújo da Silva,Super Vi,GOI,600407,Supervi St Central,453,41,0,0,0,1,0,0,-16.32047,-48.96106
Wesley,89304,10045832,883,7503617001655,Yasmin Rodrigues Araújo da Silva,Super Vi,GOI,1025821,Supervi 16,453,89304,0,0,0,1,0,0,-16.407183,-48.896946
Wesley,89344,10047506,883,7503617001736,Yasmin Rodrigues Araújo da Silva,Super Vi,GOI,1042610,Supervi 17,453,89344,0,0,0,1,0,0,-16.354137,-48.919664
Wesley,50290,10028260,2068,24447350000320,Yasmin Rodrigues Araújo da Silva,TATICO (GO),GOI,832170,Tatico Portal Shopping,453,50290,0,0,1,0,0,0,-16.653485,-49.330091
Wesley,50281,10026069,2068,24447350000240,Yasmin Rodrigues Araújo da Silva,TATICO (GO),GOI,801836,Tatico Papillon,453,50281,0,1,0,0,0,0,-16.768822,-49.272905
Wesley,89050,10030264,2068,24447350000592,Yasmin Rodrigues Araújo da Silva,TATICO (GO),GOI,856177,Tatico Jardim America,453,89050,0,0,1,0,0,0,-16.696734,-49.285313
Wesley,50280,10025158,2068,24447350000169,Yasmin Rodrigues Araújo da Silva,TATICO (GO),GOI,791016,Tatico Centro Oeste,453,50280,0,0,1,0,0,0,-16.667214,-49.286901
Wesley,89048,10030266,2068,24447350000673,Yasmin Rodrigues Araújo da Silva,TATICO (GO),GOI,856150,Tatico Centro,453,89048,0,1,0,0,0,0,-16.668911,-49.25494
Wesley,89049,10030265,2068,24447350000401,Yasmin Rodrigues Araújo da Silva,TATICO (GO),GOI,856169,Tatico Garavelo,453,89049,0,1,0,0,0,0,-16.77372,-49.33789
Wesley,3035,10020226,1623,12809942000285,Yasmin Rodrigues Araújo da Silva,Unibom,GOI,730360,Unibom Atacados,453,3035,0,0,0,0,1,1,-16.682364,-49.327932
Wesley,9999,10025363,1154,12809942000366,Yasmin Rodrigues Araújo da Silva,Unibom,GOI,793175,Unibom Garavelo,453,9999,0,0,0,0,1,1,-16.76737,-49.34996
Wesley,3030,10010422,1154,12809942000102,Yasmin Rodrigues Araújo da Silva,Unibom Atacado,GOI,679836,Unibom Colorado,453,3030,0,0,0,0,1,1,-16.624783,-49.335979
Stella,24795,10045195,54,93209765054047,Paulo Augusto Gama da Silva,Atacadao S.A.,CUI,1019473,Atacadao Chapada  .,455,24795,1,1,1,1,1,1,-15.560329,-56.088036
Stella,24441,10044946,54,93209765050211,Paulo Augusto Gama da Silva,Atacadao S.A.,CUI,1016970,Atacadao Rondonopolis,455,24441,1,1,1,1,1,1,-16.4656018,-54.6281405
Stella,7639,10009248,1587,9477652001753,Paulo Augusto Gama da Silva,Comper Varejo,CUI,709298,Comper Jd Itália,455,7639,1,1,1,1,1,1,-15.58924,-56.05961
Stella,9513,10021764,1587,9477652003101,Paulo Augusto Gama da Silva,Comper Varejo,CUI,754200,Comper Cristo Rei,455,9513,1,1,1,1,1,1,-15.65184,-56.10196
Stella,88900,10028028,1587,9477652003705,Paulo Augusto Gama da Silva,Comper Varejo,CUI,829722,Comper Alzira Santana,455,88900,1,1,1,1,1,1,-15.66261,-56.13399
Stella,88901,10028027,1587,9477652003888,Paulo Augusto Gama da Silva,Comper Varejo,CUI,829730,Comper Eldorado,455,88901,1,1,1,1,1,1,-15.57758,-56.0763
Stella,4923,10012548,1587,9477652001400,Paulo Augusto Gama da Silva,Comper Varejo,CUI,690368,Comper Barao,455,4923,1,1,1,1,1,1,-15.60629,-56.1071
Stella,7556,10009795,1587,9477652001834,Paulo Augusto Gama da Silva,Comper Varejo,CUI,708410,Comper Cd Mt,455,7556,1,1,1,1,1,1,-15.647726,-56.193892
Stella,9506,10021718,1587,9477652003292,Paulo Augusto Gama da Silva,Comper Varejo,CUI,753742,Comper Prainha,455,9506,1,1,1,1,1,1,-15.60682,-56.09774
Stella,9510,10021766,1587,9477652003373,Paulo Augusto Gama da Silva,Comper Varejo,CUI,754226,Comper Miguel Sutil,455,9510,1,1,1,1,1,1,-15.58448,-56.08818
Stella,9507,10021711,1587,9477652002725,Paulo Augusto Gama da Silva,Comper Varejo,CUI,753700,Fort Atacadista Cp Grande,455,9507,1,1,1,1,1,1,-15.64036,-56.17343
Stella,9512,10021765,1587,9477652003454,Paulo Augusto Gama da Silva,Comper Varejo,CUI,754218,Comper Coxipo,455,9512,1,1,1,1,1,1,-15.6197333333333,-56.0689066666667
Stella,24949,10045279,1587,9477652015703,Paulo Augusto Gama da Silva,Comper Varejo,CUI,1020323,Comper Aeroporto,455,24949,1,1,1,1,1,1,-15.654307,-56.1210025
Stella,4459,10010526,1586,9477652000943,Paulo Augusto Gama da Silva,Fort Atacado,CUI,678236,Forte Atacadista,455,4459,1,1,1,1,1,1,-15.63208,-56.05212
Stella,9511,10021763,1586,9477652002806,Paulo Augusto Gama da Silva,Fort Atacado,CUI,754196,Fort Atacadista-Miguel Sutil,455,9511,1,1,1,1,1,1,-15.606325,-56.079708333333336
Stella,16902,10038577,1586,9477652008413,Paulo Augusto Gama da Silva,Fort Atacado,CUI,941344,Sdb Comerc Alimentos Ltda,455,16902,1,1,1,1,1,1,-15.5587383,-56.085165
Stella,4813,10006032,1586,9477652001087,Paulo Augusto Gama da Silva,Fort Atacado,CUI,686492,Fort Feb,455,4813,1,1,1,1,1,1,-15.6220679,-56.1069815
Stella,25805,10045874,54,93209765055280,Paulo Augusto Gama da Silva,Atacadao S.A.,CUI,1026372,Atacadao Barra Do Garcas,455,25805,1,1,1,1,1,1,-15.678123,-56.117015
Stella,25797,10045880,54,93209765053822,Paulo Augusto Gama da Silva,Atacadao S.A.,CUI,1026437,Atacadao Miguel Sutil.,455,25797,1,1,1,1,1,1,-15.5783806,-56.1125562
Stella,25804,10045872,54,93209765057577,Paulo Augusto Gama da Silva,Atacadao S.A.,CUI,1026356,Atacadao Porto.,455,25804,1,1,1,1,1,1,-15.6142608,-56.1032928
Stella,25680,10045806,54,93209765053580,Paulo Augusto Gama da Silva,Atacadao S.A.,CUI,1025570,Atacadao Rondonopolis 2,455,25680,1,1,1,1,1,1,-16.4550435,-54.6648922
Stella,25809,10045878,54,93209765057305,Paulo Augusto Gama da Silva,Atacadao S.A.,CUI,1026410,Atacadao S J Cd,455,25809,1,1,1,1,1,1,-15.6358437,-56.0293335
Stella,25807,10045876,54,93209765057224,Paulo Augusto Gama da Silva,Atacadao S.A.,CUI,1026399,Atacadao Sinop,455,25807,1,1,1,1,1,1,-15.678123,-56.117015
Stella,25808,10045877,54,93209765056503,Paulo Augusto Gama da Silva,Atacadao S.A.,CUI,1026402,Atacadao Sorriso  .,455,25808,1,1,1,1,1,1,-15.678123,-56.117015
Stella,25806,10045875,54,93209765056414,Paulo Augusto Gama da Silva,Atacadao S.A.,CUI,1026380,Atacadao Tan Da Serra,455,25806,1,1,1,1,1,1,-15.678123,-56.117015
Stella,25799,10045873,54,93209765057496,Paulo Augusto Gama da Silva,Atacadao S.A.,CUI,1026364,Atacadao Tijucal .,455,25799,1,1,1,1,1,1,-15.6378042,-56.0274904
Stella,25485,10045626,54,93209765055108,Paulo Augusto Gama da Silva,Atacadao S.A.,CUI,1023756,Atacadao Jd Dos Estados,455,25485,1,1,1,1,1,1,-15.6378619,-56.1688968
Stella,25486,10045627,54,93209765054128,Paulo Augusto Gama da Silva,Atacadao S.A.,CUI,1023764,Atacadao Bela Vista,455,25486,1,1,1,1,1,1,-15.578882,-56.0576256
Stella,25679,10045805,54,93209765054632,Paulo Augusto Gama da Silva,Atacadao S.A.,CUI,1025562,Atacadao Primavera,455,25679,1,1,1,1,1,1,-15.592346,-56.106638
Stella,25482,10045625,54,93209765054390,Paulo Augusto Gama da Silva,Atacadao S.A.,CUI,1023748,Atacadao L Do Rio Verde,455,25482,1,1,1,1,1,1,-15.65287,-56.122769
Stella,25340,10045505,1586,9477652017676,Paulo Augusto Gama da Silva,Fort Atacado,CUI,1022547,Fort Julio Campos,455,25340,1,1,1,1,1,1,-15.6435299,-56.1764256
Kelson,56914,10038541,1955,7552901001379,Fabricia Da Silva Oliveira,Coema,MAN,940976,COEMA MANACAPURU,849,56914,0,1,0,0,0,0,-3.2927006,-60.6307091
Kelson,71892,10044467,2040,7179667000495,Fabricia Da Silva Oliveira,Vitoria (Co),MAN,1012053,VITORIA SUPERMERCADO S,849,71892,1,1,1,1,1,1,-3.027988,-60.065202
Kelson,83739,10047752,1308,4240370005620,Fabricia Da Silva Oliveira,Merc Nova Era,MAN,1045024,NOVA ERA COROADO,849,83739,1,1,1,1,1,1,-3.076217,-59.964825
Kelson,83740,10047753,1308,4240370005469,Fabricia Da Silva Oliveira,Merc Nova Era,MAN,1045032,NOVA ERA MAX 2,849,83740,1,1,1,1,1,1,-3.050034,-59.993892
Kelson,83741,10047754,1308,4240370005540,Fabricia Da Silva Oliveira,Merc Nova Era,MAN,1045040,NOVA ERA DOM PEDRO,849,83741,1,1,1,1,1,1,-3.083273,-60.042164
Kelson,83742,10047758,1308,4240370005701,Fabricia Da Silva Oliveira,Merc Nova Era,MAN,1045059,NOVA ERA TORRES 2,849,83742,1,1,1,1,1,1,-3.080646,-60.010256
Kelson,83743,10047759,1308,4240370005892,Fabricia Da Silva Oliveira,Merc Nova Era,MAN,1045067,NOVA ERA NILTON LINS,849,83743,1,1,1,1,1,1,-3.059268,-60.003891
Anna Clara,44512,10047516,1977,8616988001878,Maísa Monteiro Alves,Superbom,GAM,1042726,SUPERBOM TOTALVILLE,39,44512,0,0,0,1,0,0,-16.0283951,-47.9856904
Daniel,44522,10032690,395,6057223038900,Mariana Almeida Marques,Assai Comercial E Importadora Ltda,GAM,881392,176 - PALMAS TEOTONI O,39,88881,1,1,1,1,1,1,-10.2739901,-48.3305767
Anna Clara,44523,10039207,757,35370064000754,Mariana Almeida Marques,Precito,GAM,950130,PRECITO PALMAS SN,39,44523,1,1,1,1,1,1,-10.2431355,-48.3325276
Daniel,44524,10041452,395,6057223053968,Mariana Almeida Marques,Assai Comercial E Importadora Ltda,GAM,977640,320 - PALMAS CESAMAR,39,125,1,1,1,1,1,1,-10.2091903,-48.3309869
Stella,25651,10045786,395,6057223055740,Paulo Augusto Gama da Silva,Assai Comercial E Importadora Ltda,CUI,1025376,ASSAI SANTA ROSA,455,25651,1,1,1,1,1,1,-15.5878127,-56.116816
Anna Paula,26371,10046491,2022,14739053001296,Renato Bocardi,Bom Jesus Co,CUI,1032704,BOM JESUS PARQUE DO LAGO,455,26371,1,0,0,0,1,0,-15.6760217,-56.0972333
Daniel,89357,10047379,1584,17457404003801,Júlia Oliveira Sathler Garcia,Dia A Dia Atacado,GOI,1041460,DIA A DIA FORMOSA,453,44508,1,1,1,1,1,1,-15.548335,-47.334553
Anna Clara,44404,10041362,342,24447350001645,Yasmin Rodrigues Araújo da Silva,Tatico,GAM,976687,Tatico Luziânia,39,44404,0,0,0,1,0,0,-16.1628368,-47.932103
Pedro,44511,10047493,1582,13197254000789,Maria Carolina Melo Veloso,Ultrabox Atacado,GAM,1042459,ULTRABOX SANTA MARIA 1582,39,24601,0,1,0,0,0,0,-16.0479417,-48.0323533
